STRUCTURE,STRUCTURE_ID,ACTION,FREQ,REF_AREA,INDICATOR,SEX,AGE,URBANISATION,UNIT_MEASURE,COMP_BREAKDOWN_1,COMP_BREAKDOWN_2,COMP_BREAKDOWN_3,UNIT_TYPE,DATABASE_ID,TIME_FORMAT,UNIT_MULT,DATA_SOURCE,OBS_CONF,FREQ_LABEL,REF_AREA_LABEL,INDICATOR_LABEL,SEX_LABEL,AGE_LABEL,URBANISATION_LABEL,UNIT_MEASURE_LABEL,COMP_BREAKDOWN_1_LABEL,COMP_BREAKDOWN_2_LABEL,COMP_BREAKDOWN_3_LABEL,UNIT_TYPE_LABEL,DATABASE_ID_LABEL,TIME_FORMAT_LABEL,UNIT_MULT_LABEL,OBS_CONF_LABEL,2006,2008,2010,2011,2012,2013,2014,2015,2016,2017,2018,2019,2020,2021,2022,2023,2024
datastructure,WB.DATA360:DS_DATA360(1.2),I,A,BRA,EIU_DI_INDEX,_Z,_Z,_Z,0_TO_10,_T,_Z,_Z,IX,EIU_DI,602,0,EIU_DI,PU,Annual,Brazil,EIU Democracy Index,Not applicable,Not applicable,Not applicable,0-10 scale,Total,Not Applicable,Not Applicable,Index,Democracy Index,CCYY,Units,Public,7.38,7.38,7.12,7.12,7.12,7.12,7.38,6.96,6.9,6.86,6.97,6.86,6.92,6.86,6.78,6.68,6.49
datastructure,WB.DATA360:DS_DATA360(1.2),I,A,THA,EIU_DI_INDEX,_Z,_Z,_Z,0_TO_10,_T,_Z,_Z,IX,EIU_DI,602,0,EIU_DI,PU,Annual,Thailand,EIU Democracy Index,Not applicable,Not applicable,Not applicable,0-10 scale,Total,Not Applicable,Not Applicable,Index,Democracy Index,CCYY,Units,Public,5.67,6.81,6.55,6.55,6.55,6.25,5.39,5.09,4.92,4.63,4.63,6.32,6.04,6.04,6.67,6.35,6.27
datastructure,WB.DATA360:DS_DATA360(1.2),I,A,TLS,EIU_DI_INDEX,_Z,_Z,_Z,0_TO_10,_T,_Z,_Z,IX,EIU_DI,602,0,EIU_DI,PU,Annual,Timor-Leste,EIU Democracy Index,Not applicable,Not applicable,Not applicable,0-10 scale,Total,Not Applicable,Not Applicable,Index,Democracy Index,CCYY,Units,Public,6.41,7.22,7.22,7.22,7.16,7.24,7.24,7.24,7.24,7.19,7.19,7.19,7.06,7.06,7.06,7.06,7.03
datastructure,WB.DATA360:DS_DATA360(1.2),I,A,SVN,EIU_DI_INDEX,_Z,_Z,_Z,0_TO_10,_T,_Z,_Z,IX,EIU_DI,602,0,EIU_DI,PU,Annual,Slovenia,EIU Democracy Index,Not applicable,Not applicable,Not applicable,0-10 scale,Total,Not Applicable,Not Applicable,Index,Democracy Index,CCYY,Units,Public,7.96,7.96,7.69,7.76,7.88,7.88,7.57,7.57,7.51,7.5,7.5,7.5,7.54,7.54,7.75,7.75,7.82
datastructure,WB.DATA360:DS_DATA360(1.2),I,A,KOR,EIU_DI_INDEX,_Z,_Z,_Z,0_TO_10,_T,_Z,_Z,IX,EIU_DI,602,0,EIU_DI,PU,Annual,"Korea, Rep.",EIU Democracy Index,Not applicable,Not applicable,Not applicable,0-10 scale,Total,Not Applicable,Not Applicable,Index,Democracy Index,CCYY,Units,Public,7.88,8.01,8.11,8.06,8.13,8.06,8.06,7.97,7.92,8.0,8.0,8.0,8.01,8.16,8.03,8.09,7.75
datastructure,WB.DATA360:DS_DATA360(1.2),I,A,LBY,EIU_DI_INDEX,_Z,_Z,_Z,0_TO_10,_T,_Z,_Z,IX,EIU_DI,602,0,EIU_DI,PU,Annual,Libya,EIU Democracy Index,Not applicable,Not applicable,Not applicable,0-10 scale,Total,Not Applicable,Not Applicable,Index,Democracy Index,CCYY,Units,Public,1.84,2.0,1.94,3.55,5.15,4.82,3.8,2.25,2.25,2.32,2.19,2.02,1.95,1.95,2.06,1.78,2.31
datastructure,WB.DATA360:DS_DATA360(1.2),I,A,COD,EIU_DI_INDEX,_Z,_Z,_Z,0_TO_10,_T,_Z,_Z,IX,EIU_DI,602,0,EIU_DI,PU,Annual,"Congo, Dem. Rep.",EIU Democracy Index,Not applicable,Not applicable,Not applicable,0-10 scale,Total,Not Applicable,Not Applicable,Index,Democracy Index,CCYY,Units,Public,2.76,2.28,2.15,2.15,1.92,1.83,1.75,2.11,1.93,1.61,1.49,1.13,1.13,1.4,1.48,1.68,1.92
datastructure,WB.DATA360:DS_DATA360(1.2),I,A,MLT,EIU_DI_INDEX,_Z,_Z,_Z,0_TO_10,_T,_Z,_Z,IX,EIU_DI,602,0,EIU_DI,PU,Annual,Malta,EIU Democracy Index,Not applicable,Not applicable,Not applicable,0-10 scale,Total,Not Applicable,Not Applicable,Index,Democracy Index,CCYY,Units,Public,8.39,8.39,8.28,8.28,8.28,8.28,8.39,8.39,8.39,8.15,8.21,7.95,7.68,7.57,7.7,7.93,7.93
datastructure,WB.DATA360:DS_DATA360(1.2),I,A,CZE,EIU_DI_INDEX,_Z,_Z,_Z,0_TO_10,_T,_Z,_Z,IX,EIU_DI,602,0,EIU_DI,PU,Annual,Czechia,EIU Democracy Index,Not applicable,Not applicable,Not applicable,0-10 scale,Total,Not Applicable,Not Applicable,Index,Democracy Index,CCYY,Units,Public,8.17,8.19,8.19,8.19,8.19,8.06,7.94,7.94,7.82,7.62,7.69,7.69,7.67,7.74,7.97,7.97,8.08
datastructure,WB.DATA360:DS_DATA360(1.2),I,A,MRT,EIU_DI_INDEX,_Z,_Z,_Z,0_TO_10,_T,_Z,_Z,IX,EIU_DI,602,0,EIU_DI,PU,Annual,Mauritania,EIU Democracy Index,Not applicable,Not applicable,Not applicable,0-10 scale,Total,Not Applicable,Not Applicable,Index,Democracy Index,CCYY,Units,Public,3.12,3.91,3.86,4.17,4.17,4.17,4.17,3.96,3.96,3.82,3.82,3.92,3.92,4.03,4.03,4.14,3.96
datastructure,WB.DATA360:DS_DATA360(1.2),I,A,YEM,EIU_DI_INDEX,_Z,_Z,_Z,0_TO_10,_T,_Z,_Z,IX,EIU_DI,602,0,EIU_DI,PU,Annual,"Yemen, Rep.",EIU Democracy Index,Not applicable,Not applicable,Not applicable,0-10 scale,Total,Not Applicable,Not Applicable,Index,Democracy Index,CCYY,Units,Public,2.98,2.95,2.64,2.57,3.12,2.79,2.79,2.24,2.07,2.07,1.95,1.95,1.95,1.95,1.95,1.95,1.95
datastructure,WB.DATA360:DS_DATA360(1.2),I,A,005,EIU_DI_INDEX,_Z,_Z,_Z,0_TO_10,_T,_Z,_Z,IX,EIU_DI,602,0,EIU_DI,PU,Annual,South America,EIU Democracy Index,Not applicable,Not applicable,Not applicable,0-10 scale,Total,Not Applicable,Not Applicable,Index,Democracy Index,CCYY,Units,Public,6.52,6.588333,6.554167,6.5525002,6.541667,6.5691667,6.579167,6.58,6.545,6.4875,6.576667,6.4575,6.4425,6.2008333,6.2508335,6.113333,6.0091667
datastructure,WB.DATA360:DS_DATA360(1.2),I,A,SUR,EIU_DI_INDEX,_Z,_Z,_Z,0_TO_10,_T,_Z,_Z,IX,EIU_DI,602,0,EIU_DI,PU,Annual,Suriname,EIU Democracy Index,Not applicable,Not applicable,Not applicable,0-10 scale,Total,Not Applicable,Not Applicable,Index,Democracy Index,CCYY,Units,Public,6.52,6.58,6.65,6.65,6.65,6.77,6.77,6.77,6.77,6.76,6.98,6.98,6.82,6.82,6.95,6.88,6.79
datastructure,WB.DATA360:DS_DATA360(1.2),I,A,MNE,EIU_DI_INDEX,_Z,_Z,_Z,0_TO_10,_T,_Z,_Z,IX,EIU_DI,602,0,EIU_DI,PU,Annual,Montenegro,EIU Democracy Index,Not applicable,Not applicable,Not applicable,0-10 scale,Total,Not Applicable,Not Applicable,Index,Democracy Index,CCYY,Units,Public,6.57,6.43,6.27,6.15,6.05,5.94,5.94,6.01,5.72,5.69,5.74,5.65,5.77,6.02,6.45,6.67,6.73
datastructure,WB.DATA360:DS_DATA360(1.2),I,A,TKM,EIU_DI_INDEX,_Z,_Z,_Z,0_TO_10,_T,_Z,_Z,IX,EIU_DI,602,0,EIU_DI,PU,Annual,Turkmenistan,EIU Democracy Index,Not applicable,Not applicable,Not applicable,0-10 scale,Total,Not Applicable,Not Applicable,Index,Democracy Index,CCYY,Units,Public,1.83,1.72,1.72,1.72,1.72,1.72,1.83,1.83,1.83,1.72,1.72,1.72,1.72,1.66,1.66,1.66,1.66
datastructure,WB.DATA360:DS_DATA360(1.2),I,A,SWZ,EIU_DI_INDEX,_Z,_Z,_Z,0_TO_10,_T,_Z,_Z,IX,EIU_DI,602,0,EIU_DI,PU,Annual,Eswatini,EIU Democracy Index,Not applicable,Not applicable,Not applicable,0-10 scale,Total,Not Applicable,Not Applicable,Index,Democracy Index,CCYY,Units,Public,2.93,3.04,2.9,3.26,3.2,3.2,3.09,3.09,3.03,3.03,3.03,3.14,3.08,3.08,3.01,2.78,2.6
datastructure,WB.DATA360:DS_DATA360(1.2),I,A,RWA,EIU_DI_INDEX,_Z,_Z,_Z,0_TO_10,_T,_Z,_Z,IX,EIU_DI,602,0,EIU_DI,PU,Annual,Rwanda,EIU Democracy Index,Not applicable,Not applicable,Not applicable,0-10 scale,Total,Not Applicable,Not Applicable,Index,Democracy Index,CCYY,Units,Public,3.82,3.71,3.25,3.25,3.36,3.38,3.25,3.07,3.07,3.19,3.35,3.16,3.1,3.1,3.1,3.3,3.34
datastructure,WB.DATA360:DS_DATA360(1.2),I,A,HKG,EIU_DI_INDEX,_Z,_Z,_Z,0_TO_10,_T,_Z,_Z,IX,EIU_DI,602,0,EIU_DI,PU,Annual,"Hong Kong SAR, China",EIU Democracy Index,Not applicable,Not applicable,Not applicable,0-10 scale,Total,Not Applicable,Not Applicable,Index,Democracy Index,CCYY,Units,Public,6.03,5.85,5.92,5.92,6.42,6.42,6.46,6.5,6.42,6.31,6.15,6.02,5.57,5.6,5.28,5.24,5.09
datastructure,WB.DATA360:DS_DATA360(1.2),I,A,FRA,EIU_DI_INDEX,_Z,_Z,_Z,0_TO_10,_T,_Z,_Z,IX,EIU_DI,602,0,EIU_DI,PU,Annual,France,EIU Democracy Index,Not applicable,Not applicable,Not applicable,0-10 scale,Total,Not Applicable,Not Applicable,Index,Democracy Index,CCYY,Units,Public,8.07,8.07,7.77,7.77,7.88,7.92,8.04,7.92,7.92,7.8,7.8,8.12,7.99,7.99,8.07,8.07,7.99
datastructure,WB.DATA360:DS_DATA360(1.2),I,A,POL,EIU_DI_INDEX,_Z,_Z,_Z,0_TO_10,_T,_Z,_Z,IX,EIU_DI,602,0,EIU_DI,PU,Annual,Poland,EIU Democracy Index,Not applicable,Not applicable,Not applicable,0-10 scale,Total,Not Applicable,Not Applicable,Index,Democracy Index,CCYY,Units,Public,7.3,7.3,7.05,7.12,7.12,7.12,7.47,7.09,6.83,6.67,6.67,6.62,6.85,6.8,7.04,7.18,7.4
datastructure,WB.DATA360:DS_DATA360(1.2),I,A,LTU,EIU_DI_INDEX,_Z,_Z,_Z,0_TO_10,_T,_Z,_Z,IX,EIU_DI,602,0,EIU_DI,PU,Annual,Lithuania,EIU Democracy Index,Not applicable,Not applicable,Not applicable,0-10 scale,Total,Not Applicable,Not Applicable,Index,Democracy Index,CCYY,Units,Public,7.43,7.36,7.24,7.24,7.24,7.54,7.54,7.54,7.47,7.41,7.5,7.5,7.13,7.18,7.31,7.31,7.59
datastructure,WB.DATA360:DS_DATA360(1.2),I,A,NLD,EIU_DI_INDEX,_Z,_Z,_Z,0_TO_10,_T,_Z,_Z,IX,EIU_DI,602,0,EIU_DI,PU,Annual,Netherlands,EIU Democracy Index,Not applicable,Not applicable,Not applicable,0-10 scale,Total,Not Applicable,Not Applicable,Index,Democracy Index,CCYY,Units,Public,9.66,9.53,8.99,8.99,8.99,8.84,8.92,8.92,8.8,8.89,8.89,9.01,8.96,8.88,9.0,9.0,9.0
datastructure,WB.DATA360:DS_DATA360(1.2),I,A,AFG,EIU_DI_INDEX,_Z,_Z,_Z,0_TO_10,_T,_Z,_Z,IX,EIU_DI,602,0,EIU_DI,PU,Annual,Afghanistan,EIU Democracy Index,Not applicable,Not applicable,Not applicable,0-10 scale,Total,Not Applicable,Not Applicable,Index,Democracy Index,CCYY,Units,Public,3.06,3.02,2.48,2.48,2.48,2.48,2.77,2.77,2.55,2.55,2.97,2.85,2.85,0.32,0.32,0.26,0.25
datastructure,WB.DATA360:DS_DATA360(1.2),I,A,EST,EIU_DI_INDEX,_Z,_Z,_Z,0_TO_10,_T,_Z,_Z,IX,EIU_DI,602,0,EIU_DI,PU,Annual,Estonia,EIU Democracy Index,Not applicable,Not applicable,Not applicable,0-10 scale,Total,Not Applicable,Not Applicable,Index,Democracy Index,CCYY,Units,Public,7.74,7.68,7.68,7.61,7.61,7.61,7.74,7.85,7.85,7.79,7.97,7.9,7.84,7.84,7.96,7.96,8.13
datastructure,WB.DATA360:DS_DATA360(1.2),I,A,ISL,EIU_DI_INDEX,_Z,_Z,_Z,0_TO_10,_T,_Z,_Z,IX,EIU_DI,602,0,EIU_DI,PU,Annual,Iceland,EIU Democracy Index,Not applicable,Not applicable,Not applicable,0-10 scale,Total,Not Applicable,Not Applicable,Index,Democracy Index,CCYY,Units,Public,9.71,9.65,9.65,9.65,9.65,9.65,9.58,9.58,9.5,9.58,9.58,9.58,9.37,9.18,9.52,9.45,9.38
datastructure,WB.DATA360:DS_DATA360(1.2),I,A,BGR,EIU_DI_INDEX,_Z,_Z,_Z,0_TO_10,_T,_Z,_Z,IX,EIU_DI,602,0,EIU_DI,PU,Annual,Bulgaria,EIU Democracy Index,Not applicable,Not applicable,Not applicable,0-10 scale,Total,Not Applicable,Not Applicable,Index,Democracy Index,CCYY,Units,Public,7.1,7.02,6.84,6.78,6.72,6.83,6.73,7.14,7.01,7.03,7.03,7.03,6.71,6.64,6.53,6.41,6.34
datastructure,WB.DATA360:DS_DATA360(1.2),I,A,TUR,EIU_DI_INDEX,_Z,_Z,_Z,0_TO_10,_T,_Z,_Z,IX,EIU_DI,602,0,EIU_DI,PU,Annual,Turkiye,EIU Democracy Index,Not applicable,Not applicable,Not applicable,0-10 scale,Total,Not Applicable,Not Applicable,Index,Democracy Index,CCYY,Units,Public,5.7,5.69,5.73,5.73,5.76,5.63,5.12,5.12,5.04,4.88,4.37,4.09,4.48,4.35,4.35,4.33,4.26
datastructure,WB.DATA360:DS_DATA360(1.2),I,A,ZAF,EIU_DI_INDEX,_Z,_Z,_Z,0_TO_10,_T,_Z,_Z,IX,EIU_DI,602,0,EIU_DI,PU,Annual,South Africa,EIU Democracy Index,Not applicable,Not applicable,Not applicable,0-10 scale,Total,Not Applicable,Not Applicable,Index,Democracy Index,CCYY,Units,Public,7.91,7.91,7.79,7.79,7.79,7.9,7.82,7.56,7.41,7.24,7.24,7.24,7.05,7.05,7.05,7.05,7.16
datastructure,WB.DATA360:DS_DATA360(1.2),I,A,GEO,EIU_DI_INDEX,_Z,_Z,_Z,0_TO_10,_T,_Z,_Z,IX,EIU_DI,602,0,EIU_DI,PU,Annual,Georgia,EIU Democracy Index,Not applicable,Not applicable,Not applicable,0-10 scale,Total,Not Applicable,Not Applicable,Index,Democracy Index,CCYY,Units,Public,4.9,4.62,4.59,4.74,5.53,5.95,5.82,5.88,5.93,5.93,5.5,5.42,5.31,5.12,5.2,5.2,4.7
datastructure,WB.DATA360:DS_DATA360(1.2),I,A,KGZ,EIU_DI_INDEX,_Z,_Z,_Z,0_TO_10,_T,_Z,_Z,IX,EIU_DI,602,0,EIU_DI,PU,Annual,Kyrgyz Republic,EIU Democracy Index,Not applicable,Not applicable,Not applicable,0-10 scale,Total,Not Applicable,Not Applicable,Index,Democracy Index,CCYY,Units,Public,4.08,4.05,4.31,4.34,4.69,4.69,5.24,5.33,4.93,5.11,5.11,4.89,4.21,3.62,3.62,3.7,3.52
datastructure,WB.DATA360:DS_DATA360(1.2),I,A,TWN,EIU_DI_INDEX,_Z,_Z,_Z,0_TO_10,_T,_Z,_Z,IX,EIU_DI,602,0,EIU_DI,PU,Annual,"Taiwan, China",EIU Democracy Index,Not applicable,Not applicable,Not applicable,0-10 scale,Total,Not Applicable,Not Applicable,Index,Democracy Index,CCYY,Units,Public,7.82,7.82,7.52,7.46,7.57,7.57,7.65,7.83,7.79,7.73,7.73,7.73,8.94,8.99,8.99,8.92,8.78
datastructure,WB.DATA360:DS_DATA360(1.2),I,A,SWE,EIU_DI_INDEX,_Z,_Z,_Z,0_TO_10,_T,_Z,_Z,IX,EIU_DI,602,0,EIU_DI,PU,Annual,Sweden,EIU Democracy Index,Not applicable,Not applicable,Not applicable,0-10 scale,Total,Not Applicable,Not Applicable,Index,Democracy Index,CCYY,Units,Public,9.88,9.88,9.5,9.5,9.73,9.73,9.73,9.45,9.39,9.39,9.39,9.39,9.26,9.26,9.39,9.39,9.39
datastructure,WB.DATA360:DS_DATA360(1.2),I,A,BDI,EIU_DI_INDEX,_Z,_Z,_Z,0_TO_10,_T,_Z,_Z,IX,EIU_DI,602,0,EIU_DI,PU,Annual,Burundi,EIU Democracy Index,Not applicable,Not applicable,Not applicable,0-10 scale,Total,Not Applicable,Not Applicable,Index,Democracy Index,CCYY,Units,Public,4.51,4.51,4.01,4.01,3.6,3.41,3.33,2.49,2.4,2.33,2.33,2.15,2.14,2.13,2.13,2.13,2.13
datastructure,WB.DATA360:DS_DATA360(1.2),I,A,IDN,EIU_DI_INDEX,_Z,_Z,_Z,0_TO_10,_T,_Z,_Z,IX,EIU_DI,602,0,EIU_DI,PU,Annual,Indonesia,EIU Democracy Index,Not applicable,Not applicable,Not applicable,0-10 scale,Total,Not Applicable,Not Applicable,Index,Democracy Index,CCYY,Units,Public,6.41,6.34,6.53,6.53,6.76,6.82,6.95,7.03,6.97,6.39,6.39,6.48,6.3,6.71,6.71,6.53,6.44
datastructure,WB.DATA360:DS_DATA360(1.2),I,A,005,EIU_DI_INDEX,_Z,_Z,_Z,0_TO_10,WRI_AQDT_WEIGHT_POP,_Z,_Z,IX,EIU_DI,602,0,EIU_DI,PU,Annual,South America,EIU Democracy Index,Not applicable,Not applicable,Not applicable,0-10 scale,Weight: Population,Not Applicable,Not Applicable,Index,Democracy Index,CCYY,Units,Public,6.855595,6.887585,6.764051,6.7697024,6.7651415,6.76801,6.895144,6.714142,6.6564264,6.5751576,6.6572094,6.5961876,6.607968,6.3742533,6.3736215,6.244461,6.0882936
datastructure,WB.DATA360:DS_DATA360(1.2),I,A,PRY,EIU_DI_INDEX,_Z,_Z,_Z,0_TO_10,_T,_Z,_Z,IX,EIU_DI,602,0,EIU_DI,PU,Annual,Paraguay,EIU Democracy Index,Not applicable,Not applicable,Not applicable,0-10 scale,Total,Not Applicable,Not Applicable,Index,Democracy Index,CCYY,Units,Public,6.16,6.4,6.4,6.4,6.26,6.26,6.26,6.33,6.27,6.31,6.24,6.24,6.18,5.86,5.89,6.0,5.92
datastructure,WB.DATA360:DS_DATA360(1.2),I,A,GMB,EIU_DI_INDEX,_Z,_Z,_Z,0_TO_10,_T,_Z,_Z,IX,EIU_DI,602,0,EIU_DI,PU,Annual,"Gambia, The",EIU Democracy Index,Not applicable,Not applicable,Not applicable,0-10 scale,Total,Not Applicable,Not Applicable,Index,Democracy Index,CCYY,Units,Public,4.39,4.19,3.38,3.38,3.31,3.31,3.05,2.97,2.91,4.06,4.31,4.33,4.49,4.41,4.47,4.47,4.47
datastructure,WB.DATA360:DS_DATA360(1.2),I,A,DJI,EIU_DI_INDEX,_Z,_Z,_Z,0_TO_10,_T,_Z,_Z,IX,EIU_DI,602,0,EIU_DI,PU,Annual,Djibouti,EIU Democracy Index,Not applicable,Not applicable,Not applicable,0-10 scale,Total,Not Applicable,Not Applicable,Index,Democracy Index,CCYY,Units,Public,2.37,2.37,2.2,2.68,2.74,2.96,2.99,2.9,2.83,2.76,2.87,2.77,2.71,2.74,2.74,2.7,2.7
datastructure,WB.DATA360:DS_DATA360(1.2),I,A,GTM,EIU_DI_INDEX,_Z,_Z,_Z,0_TO_10,_T,_Z,_Z,IX,EIU_DI,602,0,EIU_DI,PU,Annual,Guatemala,EIU Democracy Index,Not applicable,Not applicable,Not applicable,0-10 scale,Total,Not Applicable,Not Applicable,Index,Democracy Index,CCYY,Units,Public,6.07,6.07,6.05,5.88,5.88,5.81,5.81,5.92,5.92,5.86,5.6,5.26,4.97,4.62,4.68,4.47,4.55
datastructure,WB.DATA360:DS_DATA360(1.2),I,A,NGA,EIU_DI_INDEX,_Z,_Z,_Z,0_TO_10,_T,_Z,_Z,IX,EIU_DI,602,0,EIU_DI,PU,Annual,Nigeria,EIU Democracy Index,Not applicable,Not applicable,Not applicable,0-10 scale,Total,Not Applicable,Not Applicable,Index,Democracy Index,CCYY,Units,Public,3.52,3.53,3.47,3.83,3.77,3.77,3.76,4.62,4.5,4.44,4.44,4.12,4.1,4.11,4.23,4.23,4.16
datastructure,WB.DATA360:DS_DATA360(1.2),I,A,NZL,EIU_DI_INDEX,_Z,_Z,_Z,0_TO_10,_T,_Z,_Z,IX,EIU_DI,602,0,EIU_DI,PU,Annual,New Zealand,EIU Democracy Index,Not applicable,Not applicable,Not applicable,0-10 scale,Total,Not Applicable,Not Applicable,Index,Democracy Index,CCYY,Units,Public,9.01,9.19,9.26,9.26,9.26,9.26,9.26,9.26,9.26,9.26,9.26,9.26,9.25,9.37,9.61,9.61,9.61
datastructure,WB.DATA360:DS_DATA360(1.2),I,A,ARG,EIU_DI_INDEX,_Z,_Z,_Z,0_TO_10,_T,_Z,_Z,IX,EIU_DI,602,0,EIU_DI,PU,Annual,Argentina,EIU Democracy Index,Not applicable,Not applicable,Not applicable,0-10 scale,Total,Not Applicable,Not Applicable,Index,Democracy Index,CCYY,Units,Public,6.63,6.63,6.84,6.84,6.84,6.84,6.84,7.02,6.96,6.96,7.02,7.02,6.95,6.81,6.85,6.62,6.51
datastructure,WB.DATA360:DS_DATA360(1.2),I,A,BTN,EIU_DI_INDEX,_Z,_Z,_Z,0_TO_10,_T,_Z,_Z,IX,EIU_DI,602,0,EIU_DI,PU,Annual,Bhutan,EIU Democracy Index,Not applicable,Not applicable,Not applicable,0-10 scale,Total,Not Applicable,Not Applicable,Index,Democracy Index,CCYY,Units,Public,2.62,4.3,4.68,4.57,4.65,4.82,4.87,4.93,4.93,5.08,5.3,5.3,5.71,5.71,5.54,5.54,5.65
datastructure,WB.DATA360:DS_DATA360(1.2),I,A,SYR,EIU_DI_INDEX,_Z,_Z,_Z,0_TO_10,_T,_Z,_Z,IX,EIU_DI,602,0,EIU_DI,PU,Annual,Syrian Arab Republic,EIU Democracy Index,Not applicable,Not applicable,Not applicable,0-10 scale,Total,Not Applicable,Not Applicable,Index,Democracy Index,CCYY,Units,Public,2.36,2.18,2.31,1.99,1.63,1.86,1.74,1.43,1.43,1.43,1.43,1.43,1.43,1.43,1.43,1.43,1.32
datastructure,WB.DATA360:DS_DATA360(1.2),I,A,NAM,EIU_DI_INDEX,_Z,_Z,_Z,0_TO_10,_T,_Z,_Z,IX,EIU_DI,602,0,EIU_DI,PU,Annual,Namibia,EIU Democracy Index,Not applicable,Not applicable,Not applicable,0-10 scale,Total,Not Applicable,Not Applicable,Index,Democracy Index,CCYY,Units,Public,6.54,6.48,6.23,6.24,6.24,6.24,6.24,6.31,6.31,6.31,6.25,6.43,6.52,6.52,6.52,6.52,6.48
datastructure,WB.DATA360:DS_DATA360(1.2),I,A,SLE,EIU_DI_INDEX,_Z,_Z,_Z,0_TO_10,_T,_Z,_Z,IX,EIU_DI,602,0,EIU_DI,PU,Annual,Sierra Leone,EIU Democracy Index,Not applicable,Not applicable,Not applicable,0-10 scale,Total,Not Applicable,Not Applicable,Index,Democracy Index,CCYY,Units,Public,3.57,4.11,4.51,4.51,4.71,4.64,4.56,4.55,4.55,4.66,4.66,4.86,4.86,4.97,5.03,4.32,4.32
datastructure,WB.DATA360:DS_DATA360(1.2),I,A,GNQ,EIU_DI_INDEX,_Z,_Z,_Z,0_TO_10,_T,_Z,_Z,IX,EIU_DI,602,0,EIU_DI,PU,Annual,Equatorial Guinea,EIU Democracy Index,Not applicable,Not applicable,Not applicable,0-10 scale,Total,Not Applicable,Not Applicable,Index,Democracy Index,CCYY,Units,Public,2.09,2.19,1.84,1.77,1.83,1.77,1.66,1.77,1.7,1.81,1.92,1.92,1.92,1.92,1.92,1.92,1.92
datastructure,WB.DATA360:DS_DATA360(1.2),I,A,ARE,EIU_DI_INDEX,_Z,_Z,_Z,0_TO_10,_T,_Z,_Z,IX,EIU_DI,602,0,EIU_DI,PU,Annual,United Arab Emirates,EIU Democracy Index,Not applicable,Not applicable,Not applicable,0-10 scale,Total,Not Applicable,Not Applicable,Index,Democracy Index,CCYY,Units,Public,2.42,2.6,2.52,2.58,2.58,2.52,2.64,2.75,2.75,2.69,2.76,2.76,2.7,2.9,2.9,3.01,3.07
datastructure,WB.DATA360:DS_DATA360(1.2),I,A,BEL,EIU_DI_INDEX,_Z,_Z,_Z,0_TO_10,_T,_Z,_Z,IX,EIU_DI,602,0,EIU_DI,PU,Annual,Belgium,EIU Democracy Index,Not applicable,Not applicable,Not applicable,0-10 scale,Total,Not Applicable,Not Applicable,Index,Democracy Index,CCYY,Units,Public,8.15,8.16,8.05,8.05,8.05,8.05,7.93,7.93,7.77,7.78,7.78,7.64,7.51,7.51,7.64,7.64,7.64
datastructure,WB.DATA360:DS_DATA360(1.2),I,A,DZA,EIU_DI_INDEX,_Z,_Z,_Z,0_TO_10,_T,_Z,_Z,IX,EIU_DI,602,0,EIU_DI,PU,Annual,Algeria,EIU Democracy Index,Not applicable,Not applicable,Not applicable,0-10 scale,Total,Not Applicable,Not Applicable,Index,Democracy Index,CCYY,Units,Public,3.17,3.32,3.44,3.44,3.83,3.83,3.83,3.95,3.56,3.56,3.5,4.01,3.77,3.77,3.66,3.66,3.55
datastructure,WB.DATA360:DS_DATA360(1.2),I,A,IND,EIU_DI_INDEX,_Z,_Z,_Z,0_TO_10,_T,_Z,_Z,IX,EIU_DI,602,0,EIU_DI,PU,Annual,India,EIU Democracy Index,Not applicable,Not applicable,Not applicable,0-10 scale,Total,Not Applicable,Not Applicable,Index,Democracy Index,CCYY,Units,Public,7.68,7.8,7.28,7.3,7.52,7.69,7.92,7.74,7.81,7.23,7.23,6.9,6.61,6.91,7.04,7.18,7.29
datastructure,WB.DATA360:DS_DATA360(1.2),I,A,CIV,EIU_DI_INDEX,_Z,_Z,_Z,0_TO_10,_T,_Z,_Z,IX,EIU_DI,602,0,EIU_DI,PU,Annual,Cote d'Ivoire,EIU Democracy Index,Not applicable,Not applicable,Not applicable,0-10 scale,Total,Not Applicable,Not Applicable,Index,Democracy Index,CCYY,Units,Public,3.38,3.27,3.02,3.08,3.25,3.25,3.53,3.31,3.81,3.93,4.15,4.05,4.11,4.22,4.22,4.22,4.22
datastructure,WB.DATA360:DS_DATA360(1.2),I,A,FJI,EIU_DI_INDEX,_Z,_Z,_Z,0_TO_10,_T,_Z,_Z,IX,EIU_DI,602,0,EIU_DI,PU,Annual,Fiji,EIU Democracy Index,Not applicable,Not applicable,Not applicable,0-10 scale,Total,Not Applicable,Not Applicable,Index,Democracy Index,CCYY,Units,Public,5.66,5.11,3.62,3.67,3.67,3.61,5.61,5.69,5.64,5.85,5.85,5.85,5.72,5.61,5.55,5.55,5.39
datastructure,WB.DATA360:DS_DATA360(1.2),I,A,IRL,EIU_DI_INDEX,_Z,_Z,_Z,0_TO_10,_T,_Z,_Z,IX,EIU_DI,602,0,EIU_DI,PU,Annual,Ireland,EIU Democracy Index,Not applicable,Not applicable,Not applicable,0-10 scale,Total,Not Applicable,Not Applicable,Index,Democracy Index,CCYY,Units,Public,9.01,9.01,8.79,8.56,8.56,8.68,8.72,8.85,9.15,9.15,9.15,9.24,9.05,9.0,9.13,9.19,9.19
datastructure,WB.DATA360:DS_DATA360(1.2),I,A,ETH,EIU_DI_INDEX,_Z,_Z,_Z,0_TO_10,_T,_Z,_Z,IX,EIU_DI,602,0,EIU_DI,PU,Annual,Ethiopia,EIU Democracy Index,Not applicable,Not applicable,Not applicable,0-10 scale,Total,Not Applicable,Not Applicable,Index,Democracy Index,CCYY,Units,Public,4.72,4.52,3.68,3.79,3.72,3.83,3.72,3.83,3.6,3.42,3.35,3.44,3.38,3.3,3.17,3.37,3.24
datastructure,WB.DATA360:DS_DATA360(1.2),I,A,150,EIU_DI_INDEX,_Z,_Z,_Z,0_TO_10,WRI_AQDT_WEIGHT_POP,_Z,_Z,IX,EIU_DI,602,0,EIU_DI,PU,Annual,Europe,EIU Democracy Index,Not applicable,Not applicable,Not applicable,0-10 scale,Weight: Population,Not Applicable,Not Applicable,Index,Democracy Index,CCYY,Units,Public,7.367703,7.2935762,7.049526,6.9293323,6.912251,6.892036,6.9025154,6.903394,6.861593,6.815422,6.7593164,6.8326287,6.8544135,6.7751336,6.6755333,6.6654835,6.6179056
datastructure,WB.DATA360:DS_DATA360(1.2),I,A,CUB,EIU_DI_INDEX,_Z,_Z,_Z,0_TO_10,_T,_Z,_Z,IX,EIU_DI,602,0,EIU_DI,PU,Annual,Cuba,EIU Democracy Index,Not applicable,Not applicable,Not applicable,0-10 scale,Total,Not Applicable,Not Applicable,Index,Democracy Index,CCYY,Units,Public,3.52,3.52,3.52,3.52,3.52,3.52,3.52,3.52,3.46,3.31,3.0,2.84,2.84,2.59,2.65,2.65,2.58
datastructure,WB.DATA360:DS_DATA360(1.2),I,A,ZMB,EIU_DI_INDEX,_Z,_Z,_Z,0_TO_10,_T,_Z,_Z,IX,EIU_DI,602,0,EIU_DI,PU,Annual,Zambia,EIU Democracy Index,Not applicable,Not applicable,Not applicable,0-10 scale,Total,Not Applicable,Not Applicable,Index,Democracy Index,CCYY,Units,Public,5.25,5.25,5.68,6.19,6.26,6.26,6.39,6.28,5.99,5.68,5.61,5.09,4.86,5.72,5.8,5.8,5.73
datastructure,WB.DATA360:DS_DATA360(1.2),I,A,ROU,EIU_DI_INDEX,_Z,_Z,_Z,0_TO_10,_T,_Z,_Z,IX,EIU_DI,602,0,EIU_DI,PU,Annual,Romania,EIU Democracy Index,Not applicable,Not applicable,Not applicable,0-10 scale,Total,Not Applicable,Not Applicable,Index,Democracy Index,CCYY,Units,Public,7.06,7.06,6.6,6.54,6.54,6.54,6.68,6.68,6.62,6.44,6.38,6.49,6.4,6.43,6.45,6.45,5.99
datastructure,WB.DATA360:DS_DATA360(1.2),I,A,TJK,EIU_DI_INDEX,_Z,_Z,_Z,0_TO_10,_T,_Z,_Z,IX,EIU_DI,602,0,EIU_DI,PU,Annual,Tajikistan,EIU Democracy Index,Not applicable,Not applicable,Not applicable,0-10 scale,Total,Not Applicable,Not Applicable,Index,Democracy Index,CCYY,Units,Public,2.45,2.45,2.51,2.51,2.51,2.51,2.37,1.95,1.89,1.93,1.93,1.93,1.94,1.94,1.94,1.94,1.83
datastructure,WB.DATA360:DS_DATA360(1.2),I,A,150,EIU_DI_INDEX,_Z,_Z,_Z,0_TO_10,_T,_Z,_Z,IX,EIU_DI,602,0,EIU_DI,PU,Annual,Europe,EIU Democracy Index,Not applicable,Not applicable,Not applicable,0-10 scale,Total,Not Applicable,Not Applicable,Index,Democracy Index,CCYY,Units,Public,7.74925,7.7192497,7.541,7.4775,7.48325,7.4785,7.497,7.508,7.43425,7.39075,7.39725,7.40175,7.33175,7.3185,7.398,7.39775,7.4105
datastructure,WB.DATA360:DS_DATA360(1.2),I,A,GIN,EIU_DI_INDEX,_Z,_Z,_Z,0_TO_10,_T,_Z,_Z,IX,EIU_DI,602,0,EIU_DI,PU,Annual,Guinea,EIU Democracy Index,Not applicable,Not applicable,Not applicable,0-10 scale,Total,Not Applicable,Not Applicable,Index,Democracy Index,CCYY,Units,Public,2.02,2.09,2.79,2.79,2.79,2.84,3.01,3.14,3.14,3.14,3.14,3.14,3.08,2.28,2.32,2.21,2.04
datastructure,WB.DATA360:DS_DATA360(1.2),I,A,142,EIU_DI_INDEX,_Z,_Z,_Z,0_TO_10,WRI_AQDT_WEIGHT_POP,_Z,_Z,IX,EIU_DI,602,0,EIU_DI,PU,Annual,Asia,EIU Democracy Index,Not applicable,Not applicable,Not applicable,0-10 scale,Weight: Population,Not Applicable,Not Applicable,Index,Democracy Index,CCYY,Units,Public,5.1493692,5.2224336,5.1130333,5.1170363,5.1641436,5.234245,5.310499,5.296591,5.3097696,5.0536113,5.1200657,4.730597,4.6399736,4.6834025,4.641117,4.6686134,4.6148143
datastructure,WB.DATA360:DS_DATA360(1.2),I,A,NIC,EIU_DI_INDEX,_Z,_Z,_Z,0_TO_10,_T,_Z,_Z,IX,EIU_DI,602,0,EIU_DI,PU,Annual,Nicaragua,EIU Democracy Index,Not applicable,Not applicable,Not applicable,0-10 scale,Total,Not Applicable,Not Applicable,Index,Democracy Index,CCYY,Units,Public,5.68,6.07,5.73,5.56,5.56,5.46,5.32,5.26,4.81,4.66,3.63,3.55,3.6,2.69,2.5,2.26,2.09
datastructure,WB.DATA360:DS_DATA360(1.2),I,A,TTO,EIU_DI_INDEX,_Z,_Z,_Z,0_TO_10,_T,_Z,_Z,IX,EIU_DI,602,0,EIU_DI,PU,Annual,Trinidad and Tobago,EIU Democracy Index,Not applicable,Not applicable,Not applicable,0-10 scale,Total,Not Applicable,Not Applicable,Index,Democracy Index,CCYY,Units,Public,7.18,7.21,7.16,7.16,6.99,6.99,6.99,7.1,7.1,7.04,7.16,7.16,7.16,7.16,7.16,7.16,7.09
datastructure,WB.DATA360:DS_DATA360(1.2),I,A,AUS,EIU_DI_INDEX,_Z,_Z,_Z,0_TO_10,_T,_Z,_Z,IX,EIU_DI,602,0,EIU_DI,PU,Annual,Australia,EIU Democracy Index,Not applicable,Not applicable,Not applicable,0-10 scale,Total,Not Applicable,Not Applicable,Index,Democracy Index,CCYY,Units,Public,9.09,9.09,9.22,9.22,9.22,9.13,9.01,9.01,9.01,9.09,9.09,9.09,8.96,8.9,8.71,8.66,8.85
datastructure,WB.DATA360:DS_DATA360(1.2),I,A,CPV,EIU_DI_INDEX,_Z,_Z,_Z,0_TO_10,_T,_Z,_Z,IX,EIU_DI,602,0,EIU_DI,PU,Annual,Cabo Verde,EIU Democracy Index,Not applicable,Not applicable,Not applicable,0-10 scale,Total,Not Applicable,Not Applicable,Index,Democracy Index,CCYY,Units,Public,7.43,7.81,7.94,7.92,7.92,7.92,7.81,7.81,7.94,7.88,7.88,7.78,7.65,7.65,7.65,7.65,7.58
datastructure,WB.DATA360:DS_DATA360(1.2),I,A,NER,EIU_DI_INDEX,_Z,_Z,_Z,0_TO_10,_T,_Z,_Z,IX,EIU_DI,602,0,EIU_DI,PU,Annual,Niger,EIU Democracy Index,Not applicable,Not applicable,Not applicable,0-10 scale,Total,Not Applicable,Not Applicable,Index,Democracy Index,CCYY,Units,Public,3.54,3.41,3.38,4.16,4.16,4.08,4.02,3.85,3.96,3.76,3.76,3.29,3.29,3.22,3.73,2.37,2.26
datastructure,WB.DATA360:DS_DATA360(1.2),I,A,GAB,EIU_DI_INDEX,_Z,_Z,_Z,0_TO_10,_T,_Z,_Z,IX,EIU_DI,602,0,EIU_DI,PU,Annual,Gabon,EIU Democracy Index,Not applicable,Not applicable,Not applicable,0-10 scale,Total,Not Applicable,Not Applicable,Index,Democracy Index,CCYY,Units,Public,2.72,3.0,3.29,3.48,3.56,3.76,3.76,3.76,3.74,3.61,3.61,3.61,3.54,3.4,3.4,2.18,2.18
datastructure,WB.DATA360:DS_DATA360(1.2),I,A,UGA,EIU_DI_INDEX,_Z,_Z,_Z,0_TO_10,_T,_Z,_Z,IX,EIU_DI,602,0,EIU_DI,PU,Annual,Uganda,EIU Democracy Index,Not applicable,Not applicable,Not applicable,0-10 scale,Total,Not Applicable,Not Applicable,Index,Democracy Index,CCYY,Units,Public,5.14,5.03,5.05,5.13,5.16,5.22,5.22,5.22,5.26,5.09,5.2,5.02,4.94,4.48,4.55,4.49,4.49
datastructure,WB.DATA360:DS_DATA360(1.2),I,A,LSO,EIU_DI_INDEX,_Z,_Z,_Z,0_TO_10,_T,_Z,_Z,IX,EIU_DI,602,0,EIU_DI,PU,Annual,Lesotho,EIU Democracy Index,Not applicable,Not applicable,Not applicable,0-10 scale,Total,Not Applicable,Not Applicable,Index,Democracy Index,CCYY,Units,Public,6.48,6.29,6.02,6.33,6.66,6.66,6.66,6.59,6.59,6.64,6.64,6.54,6.3,6.3,6.19,6.06,6.06
datastructure,WB.DATA360:DS_DATA360(1.2),I,A,KWT,EIU_DI_INDEX,_Z,_Z,_Z,0_TO_10,_T,_Z,_Z,IX,EIU_DI,602,0,EIU_DI,PU,Annual,Kuwait,EIU Democracy Index,Not applicable,Not applicable,Not applicable,0-10 scale,Total,Not Applicable,Not Applicable,Index,Democracy Index,CCYY,Units,Public,3.09,3.39,3.88,3.74,3.78,3.78,3.78,3.85,3.85,3.85,3.85,3.93,3.8,3.91,3.83,3.5,2.78
datastructure,WB.DATA360:DS_DATA360(1.2),I,A,HTI,EIU_DI_INDEX,_Z,_Z,_Z,0_TO_10,_T,_Z,_Z,IX,EIU_DI,602,0,EIU_DI,PU,Annual,Haiti,EIU Democracy Index,Not applicable,Not applicable,Not applicable,0-10 scale,Total,Not Applicable,Not Applicable,Index,Democracy Index,CCYY,Units,Public,4.19,4.19,4.0,4.0,3.96,3.94,3.82,3.94,4.02,4.03,4.91,4.57,4.22,3.48,2.81,2.81,2.74
datastructure,WB.DATA360:DS_DATA360(1.2),I,A,VNM,EIU_DI_INDEX,_Z,_Z,_Z,0_TO_10,_T,_Z,_Z,IX,EIU_DI,602,0,EIU_DI,PU,Annual,Viet Nam,EIU Democracy Index,Not applicable,Not applicable,Not applicable,0-10 scale,Total,Not Applicable,Not Applicable,Index,Democracy Index,CCYY,Units,Public,2.75,2.53,2.94,2.96,2.89,3.29,3.41,3.53,3.38,3.08,3.08,3.08,2.94,2.94,2.73,2.62,2.62
datastructure,WB.DATA360:DS_DATA360(1.2),I,A,SAU,EIU_DI_INDEX,_Z,_Z,_Z,0_TO_10,_T,_Z,_Z,IX,EIU_DI,602,0,EIU_DI,PU,Annual,Saudi Arabia,EIU Democracy Index,Not applicable,Not applicable,Not applicable,0-10 scale,Total,Not Applicable,Not Applicable,Index,Democracy Index,CCYY,Units,Public,1.92,1.9,1.84,1.77,1.71,1.82,1.82,1.93,1.93,1.93,1.93,1.93,2.08,2.08,2.08,2.08,2.08
datastructure,WB.DATA360:DS_DATA360(1.2),I,A,PRK,EIU_DI_INDEX,_Z,_Z,_Z,0_TO_10,_T,_Z,_Z,IX,EIU_DI,602,0,EIU_DI,PU,Annual,"Korea, Dem. People's Rep.",EIU Democracy Index,Not applicable,Not applicable,Not applicable,0-10 scale,Total,Not Applicable,Not Applicable,Index,Democracy Index,CCYY,Units,Public,1.03,0.86,1.08,1.08,1.08,1.08,1.08,1.08,1.08,1.08,1.08,1.08,1.08,1.08,1.08,1.08,1.08
datastructure,WB.DATA360:DS_DATA360(1.2),I,A,KAZ,EIU_DI_INDEX,_Z,_Z,_Z,0_TO_10,_T,_Z,_Z,IX,EIU_DI,602,0,EIU_DI,PU,Annual,Kazakhstan,EIU Democracy Index,Not applicable,Not applicable,Not applicable,0-10 scale,Total,Not Applicable,Not Applicable,Index,Democracy Index,CCYY,Units,Public,3.62,3.45,3.3,3.24,2.95,3.06,3.17,3.06,3.06,3.06,2.94,2.94,3.14,3.08,3.08,3.08,3.08
datastructure,WB.DATA360:DS_DATA360(1.2),I,A,ECU,EIU_DI_INDEX,_Z,_Z,_Z,0_TO_10,_T,_Z,_Z,IX,EIU_DI,602,0,EIU_DI,PU,Annual,Ecuador,EIU Democracy Index,Not applicable,Not applicable,Not applicable,0-10 scale,Total,Not Applicable,Not Applicable,Index,Democracy Index,CCYY,Units,Public,5.64,5.64,5.77,5.72,5.78,5.87,5.87,5.87,5.81,6.02,6.27,6.33,6.13,5.71,5.69,5.41,5.24
datastructure,WB.DATA360:DS_DATA360(1.2),I,A,PAK,EIU_DI_INDEX,_Z,_Z,_Z,0_TO_10,_T,_Z,_Z,IX,EIU_DI,602,0,EIU_DI,PU,Annual,Pakistan,EIU Democracy Index,Not applicable,Not applicable,Not applicable,0-10 scale,Total,Not Applicable,Not Applicable,Index,Democracy Index,CCYY,Units,Public,3.92,4.46,4.55,4.55,4.57,4.64,4.64,4.4,4.33,4.26,4.17,4.25,4.31,4.31,4.13,3.25,2.84
datastructure,WB.DATA360:DS_DATA360(1.2),I,A,CAN,EIU_DI_INDEX,_Z,_Z,_Z,0_TO_10,_T,_Z,_Z,IX,EIU_DI,602,0,EIU_DI,PU,Annual,Canada,EIU Democracy Index,Not applicable,Not applicable,Not applicable,0-10 scale,Total,Not Applicable,Not Applicable,Index,Democracy Index,CCYY,Units,Public,9.07,9.07,9.08,9.08,9.08,9.08,9.08,9.08,9.15,9.15,9.15,9.22,9.24,8.87,8.88,8.69,8.69
datastructure,WB.DATA360:DS_DATA360(1.2),I,A,MNG,EIU_DI_INDEX,_Z,_Z,_Z,0_TO_10,_T,_Z,_Z,IX,EIU_DI,602,0,EIU_DI,PU,Annual,Mongolia,EIU Democracy Index,Not applicable,Not applicable,Not applicable,0-10 scale,Total,Not Applicable,Not Applicable,Index,Democracy Index,CCYY,Units,Public,6.6,6.6,6.36,6.23,6.35,6.51,6.62,6.62,6.62,6.5,6.5,6.5,6.48,6.42,6.35,6.48,6.53
datastructure,WB.DATA360:DS_DATA360(1.2),I,A,KHM,EIU_DI_INDEX,_Z,_Z,_Z,0_TO_10,_T,_Z,_Z,IX,EIU_DI,602,0,EIU_DI,PU,Annual,Cambodia,EIU Democracy Index,Not applicable,Not applicable,Not applicable,0-10 scale,Total,Not Applicable,Not Applicable,Index,Democracy Index,CCYY,Units,Public,4.77,4.87,4.87,4.87,4.96,4.6,4.78,4.27,4.27,3.63,3.59,3.53,3.1,2.9,3.18,3.05,2.94
datastructure,WB.DATA360:DS_DATA360(1.2),I,A,LKA,EIU_DI_INDEX,_Z,_Z,_Z,0_TO_10,_T,_Z,_Z,IX,EIU_DI,602,0,EIU_DI,PU,Annual,Sri Lanka,EIU Democracy Index,Not applicable,Not applicable,Not applicable,0-10 scale,Total,Not Applicable,Not Applicable,Index,Democracy Index,CCYY,Units,Public,6.58,6.61,6.64,6.58,5.75,5.69,5.69,6.42,6.48,6.48,6.19,6.27,6.14,6.14,6.47,6.17,6.19
datastructure,WB.DATA360:DS_DATA360(1.2),I,A,WLD,EIU_DI_INDEX,_Z,_Z,_Z,0_TO_10,WRI_AQDT_WEIGHT_POP,_Z,_Z,IX,EIU_DI,602,0,EIU_DI,PU,Annual,World,EIU Democracy Index,Not applicable,Not applicable,Not applicable,0-10 scale,Weight: Population,Not Applicable,Not Applicable,Index,Democracy Index,CCYY,Units,Public,5.556115,5.581466,5.4439178,5.457388,5.48764,5.5146713,5.553633,5.5566893,5.539178,5.3563437,5.3822017,5.125627,5.048804,5.027519,4.9844637,4.977458,4.922177
datastructure,WB.DATA360:DS_DATA360(1.2),I,A,BOL,EIU_DI_INDEX,_Z,_Z,_Z,0_TO_10,_T,_Z,_Z,IX,EIU_DI,602,0,EIU_DI,PU,Annual,Bolivia,EIU Democracy Index,Not applicable,Not applicable,Not applicable,0-10 scale,Total,Not Applicable,Not Applicable,Index,Democracy Index,CCYY,Units,Public,5.98,6.15,5.92,5.84,5.84,5.79,5.79,5.75,5.63,5.49,5.7,4.84,5.08,4.65,4.51,4.2,4.26
datastructure,WB.DATA360:DS_DATA360(1.2),I,A,MEX,EIU_DI_INDEX,_Z,_Z,_Z,0_TO_10,_T,_Z,_Z,IX,EIU_DI,602,0,EIU_DI,PU,Annual,Mexico,EIU Democracy Index,Not applicable,Not applicable,Not applicable,0-10 scale,Total,Not Applicable,Not Applicable,Index,Democracy Index,CCYY,Units,Public,6.67,6.78,6.93,6.93,6.9,6.91,6.68,6.55,6.47,6.41,6.19,6.09,6.07,5.57,5.25,5.14,5.32
datastructure,WB.DATA360:DS_DATA360(1.2),I,A,JOR,EIU_DI_INDEX,_Z,_Z,_Z,0_TO_10,_T,_Z,_Z,IX,EIU_DI,602,0,EIU_DI,PU,Annual,Jordan,EIU Democracy Index,Not applicable,Not applicable,Not applicable,0-10 scale,Total,Not Applicable,Not Applicable,Index,Democracy Index,CCYY,Units,Public,3.92,3.93,3.74,3.89,3.76,3.76,3.76,3.86,3.96,3.87,3.93,3.93,3.62,3.49,3.17,3.04,3.28
datastructure,WB.DATA360:DS_DATA360(1.2),I,A,QAT,EIU_DI_INDEX,_Z,_Z,_Z,0_TO_10,_T,_Z,_Z,IX,EIU_DI,602,0,EIU_DI,PU,Annual,Qatar,EIU Democracy Index,Not applicable,Not applicable,Not applicable,0-10 scale,Total,Not Applicable,Not Applicable,Index,Democracy Index,CCYY,Units,Public,2.78,2.92,3.09,3.18,3.18,3.18,3.18,3.18,3.18,3.19,3.19,3.19,3.24,3.65,3.65,3.65,3.17
datastructure,WB.DATA360:DS_DATA360(1.2),I,A,GBR,EIU_DI_INDEX,_Z,_Z,_Z,0_TO_10,_T,_Z,_Z,IX,EIU_DI,602,0,EIU_DI,PU,Annual,United Kingdom,EIU Democracy Index,Not applicable,Not applicable,Not applicable,0-10 scale,Total,Not Applicable,Not Applicable,Index,Democracy Index,CCYY,Units,Public,8.08,8.15,8.16,8.16,8.21,8.31,8.31,8.31,8.36,8.53,8.53,8.52,8.54,8.1,8.28,8.28,8.34
datastructure,WB.DATA360:DS_DATA360(1.2),I,A,OMN,EIU_DI_INDEX,_Z,_Z,_Z,0_TO_10,_T,_Z,_Z,IX,EIU_DI,602,0,EIU_DI,PU,Annual,Oman,EIU Democracy Index,Not applicable,Not applicable,Not applicable,0-10 scale,Total,Not Applicable,Not Applicable,Index,Democracy Index,CCYY,Units,Public,2.77,2.98,2.86,3.26,3.26,3.26,3.15,3.04,3.04,3.04,3.04,3.06,3.0,3.0,3.12,3.12,3.05
datastructure,WB.DATA360:DS_DATA360(1.2),I,A,SGP,EIU_DI_INDEX,_Z,_Z,_Z,0_TO_10,_T,_Z,_Z,IX,EIU_DI,602,0,EIU_DI,PU,Annual,Singapore,EIU Democracy Index,Not applicable,Not applicable,Not applicable,0-10 scale,Total,Not Applicable,Not Applicable,Index,Democracy Index,CCYY,Units,Public,5.89,5.89,5.89,5.89,5.88,5.92,6.03,6.14,6.38,6.32,6.38,6.02,6.03,6.23,6.22,6.18,6.18
datastructure,WB.DATA360:DS_DATA360(1.2),I,A,CHL,EIU_DI_INDEX,_Z,_Z,_Z,0_TO_10,_T,_Z,_Z,IX,EIU_DI,602,0,EIU_DI,PU,Annual,Chile,EIU Democracy Index,Not applicable,Not applicable,Not applicable,0-10 scale,Total,Not Applicable,Not Applicable,Index,Democracy Index,CCYY,Units,Public,7.89,7.89,7.67,7.54,7.54,7.8,7.8,7.84,7.78,7.84,7.97,8.08,8.28,7.92,8.22,7.98,7.83
datastructure,WB.DATA360:DS_DATA360(1.2),I,A,LUX,EIU_DI_INDEX,_Z,_Z,_Z,0_TO_10,_T,_Z,_Z,IX,EIU_DI,602,0,EIU_DI,PU,Annual,Luxembourg,EIU Democracy Index,Not applicable,Not applicable,Not applicable,0-10 scale,Total,Not Applicable,Not Applicable,Index,Democracy Index,CCYY,Units,Public,9.1,9.1,8.88,8.88,8.88,8.88,8.88,8.88,8.81,8.81,8.81,8.81,8.68,8.68,8.81,8.81,8.88
datastructure,WB.DATA360:DS_DATA360(1.2),I,A,HUN,EIU_DI_INDEX,_Z,_Z,_Z,0_TO_10,_T,_Z,_Z,IX,EIU_DI,602,0,EIU_DI,PU,Annual,Hungary,EIU Democracy Index,Not applicable,Not applicable,Not applicable,0-10 scale,Total,Not Applicable,Not Applicable,Index,Democracy Index,CCYY,Units,Public,7.53,7.44,7.21,7.04,6.96,6.96,6.9,6.84,6.72,6.64,6.63,6.63,6.56,6.5,6.64,6.72,6.51
datastructure,WB.DATA360:DS_DATA360(1.2),I,A,NPL,EIU_DI_INDEX,_Z,_Z,_Z,0_TO_10,_T,_Z,_Z,IX,EIU_DI,602,0,EIU_DI,PU,Annual,Nepal,EIU Democracy Index,Not applicable,Not applicable,Not applicable,0-10 scale,Total,Not Applicable,Not Applicable,Index,Democracy Index,CCYY,Units,Public,3.42,4.05,4.24,4.24,4.16,4.77,4.77,4.77,4.86,5.18,5.18,5.28,5.22,4.41,4.49,4.6,4.6
datastructure,WB.DATA360:DS_DATA360(1.2),I,A,GNB,EIU_DI_INDEX,_Z,_Z,_Z,0_TO_10,_T,_Z,_Z,IX,EIU_DI,602,0,EIU_DI,PU,Annual,Guinea-Bissau,EIU Democracy Index,Not applicable,Not applicable,Not applicable,0-10 scale,Total,Not Applicable,Not Applicable,Index,Democracy Index,CCYY,Units,Public,2.0,1.99,1.99,1.99,1.43,1.26,1.93,1.93,1.98,1.98,1.98,2.63,2.63,2.75,2.56,2.45,2.03
datastructure,WB.DATA360:DS_DATA360(1.2),I,A,ALB,EIU_DI_INDEX,_Z,_Z,_Z,0_TO_10,_T,_Z,_Z,IX,EIU_DI,602,0,EIU_DI,PU,Annual,Albania,EIU Democracy Index,Not applicable,Not applicable,Not applicable,0-10 scale,Total,Not Applicable,Not Applicable,Index,Democracy Index,CCYY,Units,Public,5.91,5.91,5.86,5.81,5.67,5.67,5.67,5.91,5.91,5.98,5.98,5.89,6.08,6.11,6.41,6.28,6.2
datastructure,WB.DATA360:DS_DATA360(1.2),I,A,HRV,EIU_DI_INDEX,_Z,_Z,_Z,0_TO_10,_T,_Z,_Z,IX,EIU_DI,602,0,EIU_DI,PU,Annual,Croatia,EIU Democracy Index,Not applicable,Not applicable,Not applicable,0-10 scale,Total,Not Applicable,Not Applicable,Index,Democracy Index,CCYY,Units,Public,7.04,7.04,6.81,6.73,6.93,6.93,6.93,6.93,6.75,6.63,6.57,6.57,6.5,6.5,6.5,6.5,6.5
datastructure,WB.DATA360:DS_DATA360(1.2),I,A,GRC,EIU_DI_INDEX,_Z,_Z,_Z,0_TO_10,_T,_Z,_Z,IX,EIU_DI,602,0,EIU_DI,PU,Annual,Greece,EIU Democracy Index,Not applicable,Not applicable,Not applicable,0-10 scale,Total,Not Applicable,Not Applicable,Index,Democracy Index,CCYY,Units,Public,8.13,8.13,7.92,7.65,7.65,7.65,7.45,7.45,7.23,7.29,7.29,7.43,7.39,7.56,7.97,8.14,8.07
datastructure,WB.DATA360:DS_DATA360(1.2),I,A,IRN,EIU_DI_INDEX,_Z,_Z,_Z,0_TO_10,_T,_Z,_Z,IX,EIU_DI,602,0,EIU_DI,PU,Annual,"Iran, Islamic Rep.",EIU Democracy Index,Not applicable,Not applicable,Not applicable,0-10 scale,Total,Not Applicable,Not Applicable,Index,Democracy Index,CCYY,Units,Public,2.93,2.83,1.94,1.98,1.98,1.98,1.98,2.16,2.34,2.45,2.45,2.38,2.2,1.95,1.96,1.96,1.96
datastructure,WB.DATA360:DS_DATA360(1.2),I,A,CMR,EIU_DI_INDEX,_Z,_Z,_Z,0_TO_10,_T,_Z,_Z,IX,EIU_DI,602,0,EIU_DI,PU,Annual,Cameroon,EIU Democracy Index,Not applicable,Not applicable,Not applicable,0-10 scale,Total,Not Applicable,Not Applicable,Index,Democracy Index,CCYY,Units,Public,3.27,3.46,3.41,3.41,3.44,3.41,3.41,3.66,3.46,3.61,3.28,2.85,2.77,2.56,2.56,2.56,2.56
datastructure,WB.DATA360:DS_DATA360(1.2),I,A,VEN,EIU_DI_INDEX,_Z,_Z,_Z,0_TO_10,_T,_Z,_Z,IX,EIU_DI,602,0,EIU_DI,PU,Annual,"Venezuela, RB",EIU Democracy Index,Not applicable,Not applicable,Not applicable,0-10 scale,Total,Not Applicable,Not Applicable,Index,Democracy Index,CCYY,Units,Public,5.42,5.34,5.18,5.08,5.15,5.07,5.07,5.0,4.68,3.87,3.16,2.88,2.76,2.11,2.23,2.31,2.25
datastructure,WB.DATA360:DS_DATA360(1.2),I,A,WLD,EIU_DI_INDEX,_Z,_Z,_Z,0_TO_10,_T,_Z,_Z,IX,EIU_DI,602,0,EIU_DI,PU,Annual,World,EIU Democracy Index,Not applicable,Not applicable,Not applicable,0-10 scale,Total,Not Applicable,Not Applicable,Index,Democracy Index,CCYY,Units,Public,5.5192814,5.5476646,5.4623356,5.4905987,5.519401,5.5341315,5.548024,5.552994,5.52006,5.475449,5.478563,5.4396405,5.3697605,5.2813773,5.293174,5.2253294,5.174551
datastructure,WB.DATA360:DS_DATA360(1.2),I,A,MYS,EIU_DI_INDEX,_Z,_Z,_Z,0_TO_10,_T,_Z,_Z,IX,EIU_DI,602,0,EIU_DI,PU,Annual,Malaysia,EIU Democracy Index,Not applicable,Not applicable,Not applicable,0-10 scale,Total,Not Applicable,Not Applicable,Index,Democracy Index,CCYY,Units,Public,5.98,6.36,6.19,6.19,6.41,6.49,6.49,6.43,6.54,6.54,6.88,7.16,7.19,7.24,7.3,7.29,7.11
datastructure,WB.DATA360:DS_DATA360(1.2),I,A,DOM,EIU_DI_INDEX,_Z,_Z,_Z,0_TO_10,_T,_Z,_Z,IX,EIU_DI,602,0,EIU_DI,PU,Annual,Dominican Republic,EIU Democracy Index,Not applicable,Not applicable,Not applicable,0-10 scale,Total,Not Applicable,Not Applicable,Index,Democracy Index,CCYY,Units,Public,6.13,6.2,6.2,6.2,6.49,6.74,6.67,6.67,6.67,6.66,6.54,6.54,6.32,6.45,6.39,6.44,6.62
datastructure,WB.DATA360:DS_DATA360(1.2),I,A,IRQ,EIU_DI_INDEX,_Z,_Z,_Z,0_TO_10,_T,_Z,_Z,IX,EIU_DI,602,0,EIU_DI,PU,Annual,Iraq,EIU Democracy Index,Not applicable,Not applicable,Not applicable,0-10 scale,Total,Not Applicable,Not Applicable,Index,Democracy Index,CCYY,Units,Public,4.01,4.0,4.0,4.03,4.1,4.1,4.23,4.08,4.08,4.09,4.06,3.74,3.62,3.51,3.13,2.88,2.8
datastructure,WB.DATA360:DS_DATA360(1.2),I,A,MOZ,EIU_DI_INDEX,_Z,_Z,_Z,0_TO_10,_T,_Z,_Z,IX,EIU_DI,602,0,EIU_DI,PU,Annual,Mozambique,EIU Democracy Index,Not applicable,Not applicable,Not applicable,0-10 scale,Total,Not Applicable,Not Applicable,Index,Democracy Index,CCYY,Units,Public,5.28,5.49,4.9,4.9,4.88,4.77,4.66,4.6,4.02,4.02,3.85,3.65,3.51,3.51,3.51,3.51,3.38
datastructure,WB.DATA360:DS_DATA360(1.2),I,A,PSE,EIU_DI_INDEX,_Z,_Z,_Z,0_TO_10,_T,_Z,_Z,IX,EIU_DI,602,0,EIU_DI,PU,Annual,West Bank and Gaza,EIU Democracy Index,Not applicable,Not applicable,Not applicable,0-10 scale,Total,Not Applicable,Not Applicable,Index,Democracy Index,CCYY,Units,Public,6.01,5.83,5.44,4.97,4.8,4.8,4.72,4.57,4.49,4.46,4.39,3.89,3.83,3.94,3.86,3.47,3.44
datastructure,WB.DATA360:DS_DATA360(1.2),I,A,DNK,EIU_DI_INDEX,_Z,_Z,_Z,0_TO_10,_T,_Z,_Z,IX,EIU_DI,602,0,EIU_DI,PU,Annual,Denmark,EIU Democracy Index,Not applicable,Not applicable,Not applicable,0-10 scale,Total,Not Applicable,Not Applicable,Index,Democracy Index,CCYY,Units,Public,9.52,9.52,9.52,9.52,9.52,9.38,9.11,9.11,9.2,9.22,9.22,9.22,9.15,9.09,9.28,9.28,9.28
datastructure,WB.DATA360:DS_DATA360(1.2),I,A,CAF,EIU_DI_INDEX,_Z,_Z,_Z,0_TO_10,_T,_Z,_Z,IX,EIU_DI,602,0,EIU_DI,PU,Annual,Central African Republic,EIU Democracy Index,Not applicable,Not applicable,Not applicable,0-10 scale,Total,Not Applicable,Not Applicable,Index,Democracy Index,CCYY,Units,Public,1.61,1.86,1.82,1.82,1.99,1.49,1.49,1.57,1.61,1.52,1.52,1.32,1.32,1.43,1.35,1.18,1.18
datastructure,WB.DATA360:DS_DATA360(1.2),I,A,TUN,EIU_DI_INDEX,_Z,_Z,_Z,0_TO_10,_T,_Z,_Z,IX,EIU_DI,602,0,EIU_DI,PU,Annual,Tunisia,EIU Democracy Index,Not applicable,Not applicable,Not applicable,0-10 scale,Total,Not Applicable,Not Applicable,Index,Democracy Index,CCYY,Units,Public,3.06,2.96,2.79,5.53,5.67,5.76,6.31,6.72,6.4,6.32,6.41,6.72,6.59,5.99,5.51,5.51,4.71
datastructure,WB.DATA360:DS_DATA360(1.2),I,A,BIH,EIU_DI_INDEX,_Z,_Z,_Z,0_TO_10,_T,_Z,_Z,IX,EIU_DI,602,0,EIU_DI,PU,Annual,Bosnia and Herzegovina,EIU Democracy Index,Not applicable,Not applicable,Not applicable,0-10 scale,Total,Not Applicable,Not Applicable,Index,Democracy Index,CCYY,Units,Public,5.78,5.7,5.32,5.24,5.11,5.02,4.78,4.83,4.87,4.87,4.98,4.86,4.84,5.04,5.0,5.0,5.06
datastructure,WB.DATA360:DS_DATA360(1.2),I,A,BHR,EIU_DI_INDEX,_Z,_Z,_Z,0_TO_10,_T,_Z,_Z,IX,EIU_DI,602,0,EIU_DI,PU,Annual,Bahrain,EIU Democracy Index,Not applicable,Not applicable,Not applicable,0-10 scale,Total,Not Applicable,Not Applicable,Index,Democracy Index,CCYY,Units,Public,3.53,3.38,3.49,2.92,2.53,2.87,2.87,2.79,2.79,2.71,2.71,2.55,2.49,2.52,2.52,2.52,2.45
datastructure,WB.DATA360:DS_DATA360(1.2),I,A,PHL,EIU_DI_INDEX,_Z,_Z,_Z,0_TO_10,_T,_Z,_Z,IX,EIU_DI,602,0,EIU_DI,PU,Annual,Philippines,EIU Democracy Index,Not applicable,Not applicable,Not applicable,0-10 scale,Total,Not Applicable,Not Applicable,Index,Democracy Index,CCYY,Units,Public,6.48,6.12,6.12,6.12,6.3,6.41,6.77,6.84,6.94,6.71,6.71,6.64,6.56,6.62,6.73,6.66,6.63
datastructure,WB.DATA360:DS_DATA360(1.2),I,A,LBR,EIU_DI_INDEX,_Z,_Z,_Z,0_TO_10,_T,_Z,_Z,IX,EIU_DI,602,0,EIU_DI,PU,Annual,Liberia,EIU Democracy Index,Not applicable,Not applicable,Not applicable,0-10 scale,Total,Not Applicable,Not Applicable,Index,Democracy Index,CCYY,Units,Public,5.22,5.25,5.07,5.07,4.95,4.95,4.95,4.95,5.31,5.23,5.35,5.45,5.32,5.43,5.43,5.57,5.57
datastructure,WB.DATA360:DS_DATA360(1.2),I,A,009,EIU_DI_INDEX,_Z,_Z,_Z,0_TO_10,WRI_AQDT_WEIGHT_POP,_Z,_Z,IX,EIU_DI,602,0,EIU_DI,PU,Annual,Oceania,EIU Democracy Index,Not applicable,Not applicable,Not applicable,0-10 scale,Weight: Population,Not Applicable,Not Applicable,Index,Democracy Index,CCYY,Units,Public,8.454553,8.452788,8.495481,8.443122,8.438509,8.38553,8.280788,8.278753,8.274628,8.327021,8.324217,8.321154,8.248298,8.217719,8.091855,8.071132,8.165917
datastructure,WB.DATA360:DS_DATA360(1.2),I,A,COL,EIU_DI_INDEX,_Z,_Z,_Z,0_TO_10,_T,_Z,_Z,IX,EIU_DI,602,0,EIU_DI,PU,Annual,Colombia,EIU Democracy Index,Not applicable,Not applicable,Not applicable,0-10 scale,Total,Not Applicable,Not Applicable,Index,Democracy Index,CCYY,Units,Public,6.4,6.54,6.55,6.63,6.63,6.55,6.55,6.62,6.67,6.67,6.96,7.13,7.04,6.48,6.72,6.55,6.35
datastructure,WB.DATA360:DS_DATA360(1.2),I,A,TZA,EIU_DI_INDEX,_Z,_Z,_Z,0_TO_10,_T,_Z,_Z,IX,EIU_DI,602,0,EIU_DI,PU,Annual,Tanzania,EIU Democracy Index,Not applicable,Not applicable,Not applicable,0-10 scale,Total,Not Applicable,Not Applicable,Index,Democracy Index,CCYY,Units,Public,5.18,5.28,5.64,5.64,5.88,5.77,5.77,5.58,5.76,5.47,5.41,5.16,5.1,5.1,5.1,5.35,5.2
datastructure,WB.DATA360:DS_DATA360(1.2),I,A,MWI,EIU_DI_INDEX,_Z,_Z,_Z,0_TO_10,_T,_Z,_Z,IX,EIU_DI,602,0,EIU_DI,PU,Annual,Malawi,EIU Democracy Index,Not applicable,Not applicable,Not applicable,0-10 scale,Total,Not Applicable,Not Applicable,Index,Democracy Index,CCYY,Units,Public,4.97,5.13,5.84,5.84,6.08,6.0,5.66,5.55,5.55,5.49,5.49,5.5,5.74,5.74,5.91,5.85,5.85
datastructure,WB.DATA360:DS_DATA360(1.2),I,A,EGY,EIU_DI_INDEX,_Z,_Z,_Z,0_TO_10,_T,_Z,_Z,IX,EIU_DI,602,0,EIU_DI,PU,Annual,"Egypt, Arab Rep.",EIU Democracy Index,Not applicable,Not applicable,Not applicable,0-10 scale,Total,Not Applicable,Not Applicable,Index,Democracy Index,CCYY,Units,Public,3.9,3.89,3.07,3.95,4.56,3.27,3.16,3.18,3.31,3.36,3.36,3.06,2.93,2.93,2.93,2.93,2.79
datastructure,WB.DATA360:DS_DATA360(1.2),I,A,002,EIU_DI_INDEX,_Z,_Z,_Z,0_TO_10,WRI_AQDT_WEIGHT_POP,_Z,_Z,IX,EIU_DI,602,0,EIU_DI,PU,Annual,Africa,EIU Democracy Index,Not applicable,Not applicable,Not applicable,0-10 scale,Weight: Population,Not Applicable,Not Applicable,Index,Democracy Index,CCYY,Units,Public,4.1790066,4.141108,3.9522445,4.1635337,4.21829,4.1612806,4.1244,4.3132744,4.2540636,4.169321,4.150255,4.0311303,3.93251,3.901823,3.9210422,3.88129,3.8279371
datastructure,WB.DATA360:DS_DATA360(1.2),I,A,ESP,EIU_DI_INDEX,_Z,_Z,_Z,0_TO_10,_T,_Z,_Z,IX,EIU_DI,602,0,EIU_DI,PU,Annual,Spain,EIU Democracy Index,Not applicable,Not applicable,Not applicable,0-10 scale,Total,Not Applicable,Not Applicable,Index,Democracy Index,CCYY,Units,Public,8.34,8.45,8.16,8.02,8.02,8.02,8.05,8.3,8.3,8.08,8.08,8.29,8.12,7.94,8.07,8.07,8.13
datastructure,WB.DATA360:DS_DATA360(1.2),I,A,UKR,EIU_DI_INDEX,_Z,_Z,_Z,0_TO_10,_T,_Z,_Z,IX,EIU_DI,602,0,EIU_DI,PU,Annual,Ukraine,EIU Democracy Index,Not applicable,Not applicable,Not applicable,0-10 scale,Total,Not Applicable,Not Applicable,Index,Democracy Index,CCYY,Units,Public,6.94,6.94,6.3,5.94,5.91,5.84,5.42,5.7,5.7,5.69,5.69,5.9,5.81,5.57,5.42,5.06,4.9
datastructure,WB.DATA360:DS_DATA360(1.2),I,A,003,EIU_DI_INDEX,_Z,_Z,_Z,0_TO_10,_T,_Z,_Z,IX,EIU_DI,602,0,EIU_DI,PU,Annual,North America,EIU Democracy Index,Not applicable,Not applicable,Not applicable,0-10 scale,Total,Not Applicable,Not Applicable,Index,Democracy Index,CCYY,Units,Public,6.5664287,6.607857,6.5342855,6.504286,6.5264287,6.530714,6.490714,6.5078573,6.467143,6.392857,6.2764287,6.207143,6.147857,5.867857,5.765,5.6728573,5.642143
datastructure,WB.DATA360:DS_DATA360(1.2),I,A,ITA,EIU_DI_INDEX,_Z,_Z,_Z,0_TO_10,_T,_Z,_Z,IX,EIU_DI,602,0,EIU_DI,PU,Annual,Italy,EIU Democracy Index,Not applicable,Not applicable,Not applicable,0-10 scale,Total,Not Applicable,Not Applicable,Index,Democracy Index,CCYY,Units,Public,7.73,7.98,7.83,7.74,7.74,7.85,7.85,7.98,7.98,7.98,7.71,7.52,7.74,7.68,7.69,7.69,7.58
datastructure,WB.DATA360:DS_DATA360(1.2),I,A,JPN,EIU_DI_INDEX,_Z,_Z,_Z,0_TO_10,_T,_Z,_Z,IX,EIU_DI,602,0,EIU_DI,PU,Annual,Japan,EIU Democracy Index,Not applicable,Not applicable,Not applicable,0-10 scale,Total,Not Applicable,Not Applicable,Index,Democracy Index,CCYY,Units,Public,8.15,8.25,8.08,8.08,8.08,8.08,8.08,7.96,7.99,7.88,7.99,7.99,8.13,8.15,8.33,8.4,8.48
datastructure,WB.DATA360:DS_DATA360(1.2),I,A,BWA,EIU_DI_INDEX,_Z,_Z,_Z,0_TO_10,_T,_Z,_Z,IX,EIU_DI,602,0,EIU_DI,PU,Annual,Botswana,EIU Democracy Index,Not applicable,Not applicable,Not applicable,0-10 scale,Total,Not Applicable,Not Applicable,Index,Democracy Index,CCYY,Units,Public,7.6,7.47,7.63,7.63,7.85,7.98,7.87,7.87,7.87,7.81,7.81,7.81,7.62,7.73,7.73,7.73,7.63
datastructure,WB.DATA360:DS_DATA360(1.2),I,A,KEN,EIU_DI_INDEX,_Z,_Z,_Z,0_TO_10,_T,_Z,_Z,IX,EIU_DI,602,0,EIU_DI,PU,Annual,Kenya,EIU Democracy Index,Not applicable,Not applicable,Not applicable,0-10 scale,Total,Not Applicable,Not Applicable,Index,Democracy Index,CCYY,Units,Public,5.08,4.79,4.71,4.71,4.71,5.13,5.13,5.33,5.33,5.11,5.11,5.18,5.05,5.05,5.05,5.05,5.05
datastructure,WB.DATA360:DS_DATA360(1.2),I,A,SLV,EIU_DI_INDEX,_Z,_Z,_Z,0_TO_10,_T,_Z,_Z,IX,EIU_DI,602,0,EIU_DI,PU,Annual,El Salvador,EIU Democracy Index,Not applicable,Not applicable,Not applicable,0-10 scale,Total,Not Applicable,Not Applicable,Index,Democracy Index,CCYY,Units,Public,6.22,6.4,6.47,6.47,6.47,6.53,6.53,6.64,6.64,6.43,5.96,6.15,5.9,5.72,5.06,4.71,4.61
datastructure,WB.DATA360:DS_DATA360(1.2),I,A,MUS,EIU_DI_INDEX,_Z,_Z,_Z,0_TO_10,_T,_Z,_Z,IX,EIU_DI,602,0,EIU_DI,PU,Annual,Mauritius,EIU Democracy Index,Not applicable,Not applicable,Not applicable,0-10 scale,Total,Not Applicable,Not Applicable,Index,Democracy Index,CCYY,Units,Public,8.04,8.04,8.04,8.04,8.17,8.17,8.17,8.28,8.28,8.22,8.22,8.22,8.14,8.08,8.14,8.14,8.23
datastructure,WB.DATA360:DS_DATA360(1.2),I,A,MKD,EIU_DI_INDEX,_Z,_Z,_Z,0_TO_10,_T,_Z,_Z,IX,EIU_DI,602,0,EIU_DI,PU,Annual,North Macedonia,EIU Democracy Index,Not applicable,Not applicable,Not applicable,0-10 scale,Total,Not Applicable,Not Applicable,Index,Democracy Index,CCYY,Units,Public,6.33,6.21,6.16,6.16,6.16,6.16,6.25,6.02,5.23,5.57,5.87,5.97,5.89,6.03,6.1,6.03,6.28
datastructure,WB.DATA360:DS_DATA360(1.2),I,A,FIN,EIU_DI_INDEX,_Z,_Z,_Z,0_TO_10,_T,_Z,_Z,IX,EIU_DI,602,0,EIU_DI,PU,Annual,Finland,EIU Democracy Index,Not applicable,Not applicable,Not applicable,0-10 scale,Total,Not Applicable,Not Applicable,Index,Democracy Index,CCYY,Units,Public,9.25,9.25,9.19,9.06,9.06,9.03,9.03,9.03,9.03,9.03,9.14,9.25,9.2,9.27,9.29,9.3,9.3
datastructure,WB.DATA360:DS_DATA360(1.2),I,A,BGD,EIU_DI_INDEX,_Z,_Z,_Z,0_TO_10,_T,_Z,_Z,IX,EIU_DI,602,0,EIU_DI,PU,Annual,Bangladesh,EIU Democracy Index,Not applicable,Not applicable,Not applicable,0-10 scale,Total,Not Applicable,Not Applicable,Index,Democracy Index,CCYY,Units,Public,6.11,5.52,5.87,5.86,5.86,5.86,5.78,5.73,5.73,5.43,5.57,5.88,5.99,5.99,5.99,5.87,4.44
datastructure,WB.DATA360:DS_DATA360(1.2),I,A,COM,EIU_DI_INDEX,_Z,_Z,_Z,0_TO_10,_T,_Z,_Z,IX,EIU_DI,602,0,EIU_DI,PU,Annual,Comoros,EIU Democracy Index,Not applicable,Not applicable,Not applicable,0-10 scale,Total,Not Applicable,Not Applicable,Index,Democracy Index,CCYY,Units,Public,3.9,3.58,3.41,3.52,3.52,3.52,3.52,3.71,3.71,3.71,3.71,3.15,3.09,3.2,3.2,3.04,2.84
datastructure,WB.DATA360:DS_DATA360(1.2),I,A,CHN,EIU_DI_INDEX,_Z,_Z,_Z,0_TO_10,_T,_Z,_Z,IX,EIU_DI,602,0,EIU_DI,PU,Annual,China,EIU Democracy Index,Not applicable,Not applicable,Not applicable,0-10 scale,Total,Not Applicable,Not Applicable,Index,Democracy Index,CCYY,Units,Public,2.97,3.04,3.14,3.14,3.0,3.0,3.0,3.14,3.14,3.1,3.32,2.26,2.27,2.21,1.94,2.12,2.11
datastructure,WB.DATA360:DS_DATA360(1.2),I,A,SEN,EIU_DI_INDEX,_Z,_Z,_Z,0_TO_10,_T,_Z,_Z,IX,EIU_DI,602,0,EIU_DI,PU,Annual,Senegal,EIU Democracy Index,Not applicable,Not applicable,Not applicable,0-10 scale,Total,Not Applicable,Not Applicable,Index,Democracy Index,CCYY,Units,Public,5.37,5.37,5.27,5.51,6.09,6.15,6.15,6.08,6.21,6.15,6.15,5.81,5.67,5.53,5.72,5.48,5.93
datastructure,WB.DATA360:DS_DATA360(1.2),I,A,LVA,EIU_DI_INDEX,_Z,_Z,_Z,0_TO_10,_T,_Z,_Z,IX,EIU_DI,602,0,EIU_DI,PU,Annual,Latvia,EIU Democracy Index,Not applicable,Not applicable,Not applicable,0-10 scale,Total,Not Applicable,Not Applicable,Index,Democracy Index,CCYY,Units,Public,7.37,7.23,7.05,7.05,7.05,7.05,7.48,7.37,7.31,7.25,7.38,7.49,7.24,7.31,7.37,7.38,7.66
datastructure,WB.DATA360:DS_DATA360(1.2),I,A,ARM,EIU_DI_INDEX,_Z,_Z,_Z,0_TO_10,_T,_Z,_Z,IX,EIU_DI,602,0,EIU_DI,PU,Annual,Armenia,EIU Democracy Index,Not applicable,Not applicable,Not applicable,0-10 scale,Total,Not Applicable,Not Applicable,Index,Democracy Index,CCYY,Units,Public,4.15,4.09,4.09,4.09,4.09,4.02,4.13,4.0,3.88,4.11,4.79,5.54,5.35,5.49,5.63,5.42,5.35
datastructure,WB.DATA360:DS_DATA360(1.2),I,A,PER,EIU_DI_INDEX,_Z,_Z,_Z,0_TO_10,_T,_Z,_Z,IX,EIU_DI,602,0,EIU_DI,PU,Annual,Peru,EIU Democracy Index,Not applicable,Not applicable,Not applicable,0-10 scale,Total,Not Applicable,Not Applicable,Index,Democracy Index,CCYY,Units,Public,6.11,6.31,6.4,6.59,6.47,6.54,6.54,6.58,6.65,6.49,6.6,6.6,6.53,6.09,5.92,5.81,5.69
datastructure,WB.DATA360:DS_DATA360(1.2),I,A,TGO,EIU_DI_INDEX,_Z,_Z,_Z,0_TO_10,_T,_Z,_Z,IX,EIU_DI,602,0,EIU_DI,PU,Annual,Togo,EIU Democracy Index,Not applicable,Not applicable,Not applicable,0-10 scale,Total,Not Applicable,Not Applicable,Index,Democracy Index,CCYY,Units,Public,1.75,2.43,3.45,3.45,3.45,3.45,3.45,3.41,3.32,3.05,3.1,3.3,2.8,2.8,2.99,2.99,2.99
datastructure,WB.DATA360:DS_DATA360(1.2),I,A,MLI,EIU_DI_INDEX,_Z,_Z,_Z,0_TO_10,_T,_Z,_Z,IX,EIU_DI,602,0,EIU_DI,PU,Annual,Mali,EIU Democracy Index,Not applicable,Not applicable,Not applicable,0-10 scale,Total,Not Applicable,Not Applicable,Index,Democracy Index,CCYY,Units,Public,5.99,5.87,6.01,6.36,5.12,5.9,5.79,5.7,5.7,5.64,5.41,4.92,3.93,3.48,3.23,2.58,2.4
datastructure,WB.DATA360:DS_DATA360(1.2),I,A,002,EIU_DI_INDEX,_Z,_Z,_Z,0_TO_10,_T,_Z,_Z,IX,EIU_DI,602,0,EIU_DI,PU,Annual,Africa,EIU Democracy Index,Not applicable,Not applicable,Not applicable,0-10 scale,Total,Not Applicable,Not Applicable,Index,Democracy Index,CCYY,Units,Public,4.1094,4.14,4.0696,4.2586,4.3148,4.3224,4.2966,4.317,4.2964,4.2812,4.289,4.2212,4.1164002,4.0716,4.075,3.9674,3.9166
datastructure,WB.DATA360:DS_DATA360(1.2),I,A,RUS,EIU_DI_INDEX,_Z,_Z,_Z,0_TO_10,_T,_Z,_Z,IX,EIU_DI,602,0,EIU_DI,PU,Annual,Russian Federation,EIU Democracy Index,Not applicable,Not applicable,Not applicable,0-10 scale,Total,Not Applicable,Not Applicable,Index,Democracy Index,CCYY,Units,Public,5.02,4.48,4.26,3.92,3.74,3.59,3.39,3.31,3.24,3.17,2.94,3.11,3.31,3.24,2.28,2.22,2.03
datastructure,WB.DATA360:DS_DATA360(1.2),I,A,003,EIU_DI_INDEX,_Z,_Z,_Z,0_TO_10,WRI_AQDT_WEIGHT_POP,_Z,_Z,IX,EIU_DI,602,0,EIU_DI,PU,Annual,North America,EIU Democracy Index,Not applicable,Not applicable,Not applicable,0-10 scale,Weight: Population,Not Applicable,Not Applicable,Index,Democracy Index,CCYY,Units,Public,7.5858707,7.612932,7.6055913,7.5588055,7.556974,7.559586,7.504705,7.4480863,7.390579,7.36506,7.290038,7.251718,7.2041936,6.984172,6.897282,6.844693,6.8798876
datastructure,WB.DATA360:DS_DATA360(1.2),I,A,ZWE,EIU_DI_INDEX,_Z,_Z,_Z,0_TO_10,_T,_Z,_Z,IX,EIU_DI,602,0,EIU_DI,PU,Annual,Zimbabwe,EIU Democracy Index,Not applicable,Not applicable,Not applicable,0-10 scale,Total,Not Applicable,Not Applicable,Index,Democracy Index,CCYY,Units,Public,2.62,2.53,2.64,2.68,2.67,2.67,2.78,3.05,3.05,3.16,3.16,3.16,3.16,2.92,2.92,3.04,2.98
datastructure,WB.DATA360:DS_DATA360(1.2),I,A,009,EIU_DI_INDEX,_Z,_Z,_Z,0_TO_10,_T,_Z,_Z,IX,EIU_DI,602,0,EIU_DI,PU,Annual,Oceania,EIU Democracy Index,Not applicable,Not applicable,Not applicable,0-10 scale,Total,Not Applicable,Not Applicable,Index,Democracy Index,CCYY,Units,Public,7.575,7.4825,7.16,7.1175003,7.1175003,7.09,7.4775,7.4975004,7.485,7.5575,7.5575,7.5575,7.5074997,7.495,7.46,7.4625,7.455
datastructure,WB.DATA360:DS_DATA360(1.2),I,A,NOR,EIU_DI_INDEX,_Z,_Z,_Z,0_TO_10,_T,_Z,_Z,IX,EIU_DI,602,0,EIU_DI,PU,Annual,Norway,EIU Democracy Index,Not applicable,Not applicable,Not applicable,0-10 scale,Total,Not Applicable,Not Applicable,Index,Democracy Index,CCYY,Units,Public,9.55,9.68,9.8,9.8,9.93,9.93,9.93,9.93,9.93,9.87,9.87,9.87,9.81,9.75,9.81,9.81,9.81
datastructure,WB.DATA360:DS_DATA360(1.2),I,A,BEN,EIU_DI_INDEX,_Z,_Z,_Z,0_TO_10,_T,_Z,_Z,IX,EIU_DI,602,0,EIU_DI,PU,Annual,Benin,EIU Democracy Index,Not applicable,Not applicable,Not applicable,0-10 scale,Total,Not Applicable,Not Applicable,Index,Democracy Index,CCYY,Units,Public,6.16,6.06,6.17,6.06,6.0,5.87,5.65,5.72,5.67,5.61,5.74,5.09,4.58,4.19,4.28,4.68,4.44
datastructure,WB.DATA360:DS_DATA360(1.2),I,A,PNG,EIU_DI_INDEX,_Z,_Z,_Z,0_TO_10,_T,_Z,_Z,IX,EIU_DI,602,0,EIU_DI,PU,Annual,Papua New Guinea,EIU Democracy Index,Not applicable,Not applicable,Not applicable,0-10 scale,Total,Not Applicable,Not Applicable,Index,Democracy Index,CCYY,Units,Public,6.54,6.54,6.54,6.32,6.32,6.36,6.03,6.03,6.03,6.03,6.03,6.03,6.1,6.1,5.97,6.03,5.97
datastructure,WB.DATA360:DS_DATA360(1.2),I,A,COG,EIU_DI_INDEX,_Z,_Z,_Z,0_TO_10,_T,_Z,_Z,IX,EIU_DI,602,0,EIU_DI,PU,Annual,"Congo, Rep.",EIU Democracy Index,Not applicable,Not applicable,Not applicable,0-10 scale,Total,Not Applicable,Not Applicable,Index,Democracy Index,CCYY,Units,Public,3.19,2.94,2.89,2.89,2.89,2.89,2.89,2.91,2.91,3.25,3.31,3.11,3.11,2.79,2.79,2.79,2.79
datastructure,WB.DATA360:DS_DATA360(1.2),I,A,MAR,EIU_DI_INDEX,_Z,_Z,_Z,0_TO_10,_T,_Z,_Z,IX,EIU_DI,602,0,EIU_DI,PU,Annual,Morocco,EIU Democracy Index,Not applicable,Not applicable,Not applicable,0-10 scale,Total,Not Applicable,Not Applicable,Index,Democracy Index,CCYY,Units,Public,3.9,3.88,3.79,3.83,4.07,4.07,4.0,4.66,4.77,4.87,4.99,5.1,5.04,5.04,5.04,5.04,4.97
datastructure,WB.DATA360:DS_DATA360(1.2),I,A,SDN,EIU_DI_INDEX,_Z,_Z,_Z,0_TO_10,_T,_Z,_Z,IX,EIU_DI,602,0,EIU_DI,PU,Annual,Sudan,EIU Democracy Index,Not applicable,Not applicable,Not applicable,0-10 scale,Total,Not Applicable,Not Applicable,Index,Democracy Index,CCYY,Units,Public,2.9,2.81,2.42,2.38,2.38,2.54,2.54,2.37,2.37,2.15,2.15,2.7,2.54,2.47,2.47,1.76,1.46
datastructure,WB.DATA360:DS_DATA360(1.2),I,A,ISR,EIU_DI_INDEX,_Z,_Z,_Z,0_TO_10,_T,_Z,_Z,IX,EIU_DI,602,0,EIU_DI,PU,Annual,Israel,EIU Democracy Index,Not applicable,Not applicable,Not applicable,0-10 scale,Total,Not Applicable,Not Applicable,Index,Democracy Index,CCYY,Units,Public,7.28,7.48,7.48,7.53,7.53,7.53,7.63,7.77,7.85,7.79,7.79,7.86,7.84,7.97,7.93,7.8,7.8
datastructure,WB.DATA360:DS_DATA360(1.2),I,A,DEU,EIU_DI_INDEX,_Z,_Z,_Z,0_TO_10,_T,_Z,_Z,IX,EIU_DI,602,0,EIU_DI,PU,Annual,Germany,EIU Democracy Index,Not applicable,Not applicable,Not applicable,0-10 scale,Total,Not Applicable,Not Applicable,Index,Democracy Index,CCYY,Units,Public,8.82,8.82,8.38,8.34,8.34,8.31,8.64,8.64,8.63,8.61,8.68,8.68,8.67,8.67,8.8,8.8,8.73
datastructure,WB.DATA360:DS_DATA360(1.2),I,A,LBN,EIU_DI_INDEX,_Z,_Z,_Z,0_TO_10,_T,_Z,_Z,IX,EIU_DI,602,0,EIU_DI,PU,Annual,Lebanon,EIU Democracy Index,Not applicable,Not applicable,Not applicable,0-10 scale,Total,Not Applicable,Not Applicable,Index,Democracy Index,CCYY,Units,Public,5.82,5.62,5.82,5.32,5.05,5.05,5.12,4.86,4.86,4.72,4.63,4.36,4.16,3.84,3.64,3.56,3.56
datastructure,WB.DATA360:DS_DATA360(1.2),I,A,USA,EIU_DI_INDEX,_Z,_Z,_Z,0_TO_10,_T,_Z,_Z,IX,EIU_DI,602,0,EIU_DI,PU,Annual,United States,EIU Democracy Index,Not applicable,Not applicable,Not applicable,0-10 scale,Total,Not Applicable,Not Applicable,Index,Democracy Index,CCYY,Units,Public,8.22,8.22,8.18,8.11,8.11,8.11,8.11,8.05,7.98,7.98,7.96,7.96,7.92,7.85,7.85,7.85,7.85
datastructure,WB.DATA360:DS_DATA360(1.2),I,A,GHA,EIU_DI_INDEX,_Z,_Z,_Z,0_TO_10,_T,_Z,_Z,IX,EIU_DI,602,0,EIU_DI,PU,Annual,Ghana,EIU Democracy Index,Not applicable,Not applicable,Not applicable,0-10 scale,Total,Not Applicable,Not Applicable,Index,Democracy Index,CCYY,Units,Public,5.35,5.35,6.02,6.02,6.02,6.33,6.33,6.86,6.75,6.69,6.63,6.63,6.5,6.5,6.43,6.3,6.24
datastructure,WB.DATA360:DS_DATA360(1.2),I,A,SRB,EIU_DI_INDEX,_Z,_Z,_Z,0_TO_10,_T,_Z,_Z,IX,EIU_DI,602,0,EIU_DI,PU,Annual,Serbia,EIU Democracy Index,Not applicable,Not applicable,Not applicable,0-10 scale,Total,Not Applicable,Not Applicable,Index,Democracy Index,CCYY,Units,Public,6.62,6.49,6.33,6.33,6.33,6.67,6.71,6.71,6.57,6.41,6.41,6.41,6.22,6.36,6.33,6.33,6.26
datastructure,WB.DATA360:DS_DATA360(1.2),I,A,PRT,EIU_DI_INDEX,_Z,_Z,_Z,0_TO_10,_T,_Z,_Z,IX,EIU_DI,602,0,EIU_DI,PU,Annual,Portugal,EIU Democracy Index,Not applicable,Not applicable,Not applicable,0-10 scale,Total,Not Applicable,Not Applicable,Index,Democracy Index,CCYY,Units,Public,8.16,8.05,8.02,7.81,7.92,7.65,7.79,7.79,7.86,7.84,7.84,8.03,7.9,7.82,7.95,7.75,8.08
datastructure,WB.DATA360:DS_DATA360(1.2),I,A,SVK,EIU_DI_INDEX,_Z,_Z,_Z,0_TO_10,_T,_Z,_Z,IX,EIU_DI,602,0,EIU_DI,PU,Annual,Slovak Republic,EIU Democracy Index,Not applicable,Not applicable,Not applicable,0-10 scale,Total,Not Applicable,Not Applicable,Index,Democracy Index,CCYY,Units,Public,7.4,7.33,7.35,7.35,7.35,7.35,7.35,7.29,7.29,7.16,7.1,7.17,6.97,7.03,7.07,7.07,7.21
datastructure,WB.DATA360:DS_DATA360(1.2),I,A,BLR,EIU_DI_INDEX,_Z,_Z,_Z,0_TO_10,_T,_Z,_Z,IX,EIU_DI,602,0,EIU_DI,PU,Annual,Belarus,EIU Democracy Index,Not applicable,Not applicable,Not applicable,0-10 scale,Total,Not Applicable,Not Applicable,Index,Democracy Index,CCYY,Units,Public,3.34,3.34,3.34,3.16,3.04,3.04,3.69,3.62,3.54,3.13,3.13,2.48,2.59,2.41,1.99,1.99,1.99
datastructure,WB.DATA360:DS_DATA360(1.2),I,A,AGO,EIU_DI_INDEX,_Z,_Z,_Z,0_TO_10,_T,_Z,_Z,IX,EIU_DI,602,0,EIU_DI,PU,Annual,Angola,EIU Democracy Index,Not applicable,Not applicable,Not applicable,0-10 scale,Total,Not Applicable,Not Applicable,Index,Democracy Index,CCYY,Units,Public,2.41,3.35,3.32,3.32,3.35,3.35,3.35,3.35,3.4,3.62,3.62,3.72,3.66,3.37,3.96,4.18,4.05
datastructure,WB.DATA360:DS_DATA360(1.2),I,A,AZE,EIU_DI_INDEX,_Z,_Z,_Z,0_TO_10,_T,_Z,_Z,IX,EIU_DI,602,0,EIU_DI,PU,Annual,Azerbaijan,EIU Democracy Index,Not applicable,Not applicable,Not applicable,0-10 scale,Total,Not Applicable,Not Applicable,Index,Democracy Index,CCYY,Units,Public,3.31,3.19,3.15,3.15,3.15,3.06,2.83,2.71,2.65,2.65,2.65,2.75,2.68,2.68,2.87,2.8,2.8
datastructure,WB.DATA360:DS_DATA360(1.2),I,A,CYP,EIU_DI_INDEX,_Z,_Z,_Z,0_TO_10,_T,_Z,_Z,IX,EIU_DI,602,0,EIU_DI,PU,Annual,Cyprus,EIU Democracy Index,Not applicable,Not applicable,Not applicable,0-10 scale,Total,Not Applicable,Not Applicable,Index,Democracy Index,CCYY,Units,Public,7.6,7.7,7.29,7.29,7.29,7.29,7.4,7.53,7.65,7.59,7.59,7.59,7.56,7.43,7.38,7.38,7.38
datastructure,WB.DATA360:DS_DATA360(1.2),I,A,CHE,EIU_DI_INDEX,_Z,_Z,_Z,0_TO_10,_T,_Z,_Z,IX,EIU_DI,602,0,EIU_DI,PU,Annual,Switzerland,EIU Democracy Index,Not applicable,Not applicable,Not applicable,0-10 scale,Total,Not Applicable,Not Applicable,Index,Democracy Index,CCYY,Units,Public,9.02,9.15,9.09,9.09,9.09,9.09,9.09,9.09,9.09,9.03,9.03,9.03,8.83,8.9,9.14,9.14,9.32
datastructure,WB.DATA360:DS_DATA360(1.2),I,A,AUT,EIU_DI_INDEX,_Z,_Z,_Z,0_TO_10,_T,_Z,_Z,IX,EIU_DI,602,0,EIU_DI,PU,Annual,Austria,EIU Democracy Index,Not applicable,Not applicable,Not applicable,0-10 scale,Total,Not Applicable,Not Applicable,Index,Democracy Index,CCYY,Units,Public,8.69,8.49,8.49,8.49,8.62,8.48,8.54,8.54,8.41,8.42,8.29,8.29,8.16,8.07,8.2,8.28,8.28
datastructure,WB.DATA360:DS_DATA360(1.2),I,A,URY,EIU_DI_INDEX,_Z,_Z,_Z,0_TO_10,_T,_Z,_Z,IX,EIU_DI,602,0,EIU_DI,PU,Annual,Uruguay,EIU Democracy Index,Not applicable,Not applicable,Not applicable,0-10 scale,Total,Not Applicable,Not Applicable,Index,Democracy Index,CCYY,Units,Public,7.96,8.08,8.1,8.17,8.17,8.17,8.17,8.17,8.17,8.12,8.38,8.38,8.61,8.85,8.91,8.66,8.67
datastructure,WB.DATA360:DS_DATA360(1.2),I,A,MMR,EIU_DI_INDEX,_Z,_Z,_Z,0_TO_10,_T,_Z,_Z,IX,EIU_DI,602,0,EIU_DI,PU,Annual,Myanmar,EIU Democracy Index,Not applicable,Not applicable,Not applicable,0-10 scale,Total,Not Applicable,Not Applicable,Index,Democracy Index,CCYY,Units,Public,1.77,1.77,1.77,1.77,2.35,2.76,3.05,4.14,4.2,3.83,3.83,3.55,3.04,1.02,0.74,0.85,0.96
datastructure,WB.DATA360:DS_DATA360(1.2),I,A,TCD,EIU_DI_INDEX,_Z,_Z,_Z,0_TO_10,_T,_Z,_Z,IX,EIU_DI,602,0,EIU_DI,PU,Annual,Chad,EIU Democracy Index,Not applicable,Not applicable,Not applicable,0-10 scale,Total,Not Applicable,Not Applicable,Index,Democracy Index,CCYY,Units,Public,1.65,1.52,1.52,1.62,1.62,1.5,1.5,1.5,1.5,1.5,1.61,1.61,1.55,1.67,1.67,1.67,1.89
datastructure,WB.DATA360:DS_DATA360(1.2),I,A,UZB,EIU_DI_INDEX,_Z,_Z,_Z,0_TO_10,_T,_Z,_Z,IX,EIU_DI,602,0,EIU_DI,PU,Annual,Uzbekistan,EIU Democracy Index,Not applicable,Not applicable,Not applicable,0-10 scale,Total,Not Applicable,Not Applicable,Index,Democracy Index,CCYY,Units,Public,1.85,1.74,1.74,1.74,1.72,1.72,2.45,1.95,1.95,1.95,2.01,2.01,2.12,2.12,2.12,2.12,2.1
datastructure,WB.DATA360:DS_DATA360(1.2),I,A,CRI,EIU_DI_INDEX,_Z,_Z,_Z,0_TO_10,_T,_Z,_Z,IX,EIU_DI,602,0,EIU_DI,PU,Annual,Costa Rica,EIU Democracy Index,Not applicable,Not applicable,Not applicable,0-10 scale,Total,Not Applicable,Not Applicable,Index,Democracy Index,CCYY,Units,Public,8.04,8.04,8.04,8.1,8.1,8.03,8.03,7.96,7.88,7.88,8.07,8.13,8.16,8.07,8.29,8.29,8.29
datastructure,WB.DATA360:DS_DATA360(1.2),I,A,MDA,EIU_DI_INDEX,_Z,_Z,_Z,0_TO_10,_T,_Z,_Z,IX,EIU_DI,602,0,EIU_DI,PU,Annual,Moldova,EIU Democracy Index,Not applicable,Not applicable,Not applicable,0-10 scale,Total,Not Applicable,Not Applicable,Index,Democracy Index,CCYY,Units,Public,6.5,6.5,6.33,6.33,6.32,6.32,6.32,6.35,6.01,5.94,5.85,5.75,5.78,6.1,6.23,6.23,6.04
datastructure,WB.DATA360:DS_DATA360(1.2),I,A,HND,EIU_DI_INDEX,_Z,_Z,_Z,0_TO_10,_T,_Z,_Z,IX,EIU_DI,602,0,EIU_DI,PU,Annual,Honduras,EIU Democracy Index,Not applicable,Not applicable,Not applicable,0-10 scale,Total,Not Applicable,Not Applicable,Index,Democracy Index,CCYY,Units,Public,6.25,6.18,5.76,5.84,5.84,5.84,5.84,5.84,5.92,5.72,5.63,5.42,5.36,5.1,5.15,4.98,4.98
datastructure,WB.DATA360:DS_DATA360(1.2),I,A,BFA,EIU_DI_INDEX,_Z,_Z,_Z,0_TO_10,_T,_Z,_Z,IX,EIU_DI,602,0,EIU_DI,PU,Annual,Burkina Faso,EIU Democracy Index,Not applicable,Not applicable,Not applicable,0-10 scale,Total,Not Applicable,Not Applicable,Index,Democracy Index,CCYY,Units,Public,3.72,3.6,3.59,3.59,3.52,4.15,4.09,4.7,4.7,4.75,4.75,4.04,3.73,3.84,3.08,2.73,2.55
datastructure,WB.DATA360:DS_DATA360(1.2),I,A,MDG,EIU_DI_INDEX,_Z,_Z,_Z,0_TO_10,_T,_Z,_Z,IX,EIU_DI,602,0,EIU_DI,PU,Annual,Madagascar,EIU Democracy Index,Not applicable,Not applicable,Not applicable,0-10 scale,Total,Not Applicable,Not Applicable,Index,Democracy Index,CCYY,Units,Public,5.82,5.57,3.94,3.93,3.93,4.32,4.42,4.85,5.07,5.11,5.22,5.64,5.7,5.7,5.7,5.26,5.33
datastructure,WB.DATA360:DS_DATA360(1.2),I,A,ERI,EIU_DI_INDEX,_Z,_Z,_Z,0_TO_10,_T,_Z,_Z,IX,EIU_DI,602,0,EIU_DI,PU,Annual,Eritrea,EIU Democracy Index,Not applicable,Not applicable,Not applicable,0-10 scale,Total,Not Applicable,Not Applicable,Index,Democracy Index,CCYY,Units,Public,2.31,2.31,2.31,2.34,2.4,2.4,2.44,2.37,2.37,2.37,2.37,2.37,2.15,2.03,2.03,1.97,1.97
datastructure,WB.DATA360:DS_DATA360(1.2),I,A,JAM,EIU_DI_INDEX,_Z,_Z,_Z,0_TO_10,_T,_Z,_Z,IX,EIU_DI,602,0,EIU_DI,PU,Annual,Jamaica,EIU Democracy Index,Not applicable,Not applicable,Not applicable,0-10 scale,Total,Not Applicable,Not Applicable,Index,Democracy Index,CCYY,Units,Public,7.34,7.21,7.21,7.13,7.39,7.39,7.39,7.39,7.39,7.29,7.02,6.96,7.13,7.13,7.13,7.06,6.74
datastructure,WB.DATA360:DS_DATA360(1.2),I,A,PAN,EIU_DI_INDEX,_Z,_Z,_Z,0_TO_10,_T,_Z,_Z,IX,EIU_DI,602,0,EIU_DI,PU,Annual,Panama,EIU Democracy Index,Not applicable,Not applicable,Not applicable,0-10 scale,Total,Not Applicable,Not Applicable,Index,Democracy Index,CCYY,Units,Public,7.35,7.35,7.15,7.08,7.08,7.08,7.08,7.19,7.13,7.08,7.05,7.05,7.18,6.85,6.91,6.91,6.84
datastructure,WB.DATA360:DS_DATA360(1.2),I,A,GUY,EIU_DI_INDEX,_Z,_Z,_Z,0_TO_10,_T,_Z,_Z,IX,EIU_DI,602,0,EIU_DI,PU,Annual,Guyana,EIU Democracy Index,Not applicable,Not applicable,Not applicable,0-10 scale,Total,Not Applicable,Not Applicable,Index,Democracy Index,CCYY,Units,Public,6.15,6.12,6.05,6.05,6.05,6.05,5.91,6.05,6.25,6.46,6.67,6.15,6.01,6.25,6.34,6.26,6.11
datastructure,WB.DATA360:DS_DATA360(1.2),I,A,142,EIU_DI_INDEX,_Z,_Z,_Z,0_TO_10,_T,_Z,_Z,IX,EIU_DI,602,0,EIU_DI,PU,Annual,Asia,EIU Democracy Index,Not applicable,Not applicable,Not applicable,0-10 scale,Total,Not Applicable,Not Applicable,Index,Democracy Index,CCYY,Units,Public,4.3789363,4.450851,4.4323406,4.3987236,4.4325533,4.4748936,4.5123405,4.4919147,4.4817023,4.407021,4.41617,4.397234,4.3457446,4.2368083,4.2282977,4.164255,4.063404
datastructure,WB.DATA360:DS_DATA360(1.2),I,A,LAO,EIU_DI_INDEX,_Z,_Z,_Z,0_TO_10,_T,_Z,_Z,IX,EIU_DI,602,0,EIU_DI,PU,Annual,Lao PDR,EIU Democracy Index,Not applicable,Not applicable,Not applicable,0-10 scale,Total,Not Applicable,Not Applicable,Index,Democracy Index,CCYY,Units,Public,2.1,2.1,2.1,2.1,2.32,2.21,2.21,2.21,2.37,2.37,2.37,2.14,1.77,1.77,1.77,1.71,1.71
